SNP,gene,A1_plink,A2_plink,P_plink,OR_plink,A1_snptest,A2_snptest,P_snptest,OR_snptest,cases_maf,controls_maf,A1_adult,A2_adult,PVAL_adult,OR_adult,A1_vcf,A2_vcf,eff
4:160662676,RP11-6C14.1,G,C,8.932999999999998e-08,12.63,G,C,1.7672899999999998e-05,0.170976,0.197165,0.0402971,,,,,C,G,PR;ANN=G|intron_variant|MODIFIER|RP11-6C14.1|ENSG00000250488|transcript|ENST00000513718|lincRNA|2/2|n.202+4198G>C||||||
2:123389473,AC018737.3-AC062020.2,T,C,4.1630000000000004e-07,5.162999999999999,C,T,5.66271e-05,2.92239,0.376898,0.171485,,,,,C,T,PR;ANN=T|intergenic_region|MODIFIER|AC018737.3-AC062020.2|ENSG00000224655-ENSG00000237856|intergenic_region|ENSG00000224655-ENSG00000237856|||n.123389473C>T||||||
2:11101112,KCNF1-AC062028.1,A,G,1.5580000000000004e-06,4.231,G,A,1.7822e-05,2.58839,0.54669,0.317838,,,,,G,A,PR;ANN=A|intergenic_region|MODIFIER|KCNF1-AC062028.1|ENSG00000162975-ENSG00000145063|intergenic_region|ENSG00000162975-ENSG00000145063|||n.11101112G>A||||||
4:179188148,RNU1-45P-RP11-84H6.1,G,T,1.734e-06,5.4579999999999975,G,T,0.00111777,0.349862,0.250323,0.104602,,,,,T,G,PR;ANN=G|intergenic_region|MODIFIER|RNU1-45P-RP11-84H6.1|ENSG00000253000-ENSG00000241877|intergenic_region|ENSG00000253000-ENSG00000241877|||n.179188148T>G||||||
4:179187463,RNU1-45P-RP11-84H6.1,A,G,1.734e-06,5.4579999999999975,A,G,0.00111805,0.349908,0.25033,0.104618,,,,,G,A,PR;ANN=A|intergenic_region|MODIFIER|RNU1-45P-RP11-84H6.1|ENSG00000253000-ENSG00000241877|intergenic_region|ENSG00000253000-ENSG00000241877|||n.179187463G>A||||||
8:17531309,MTUS1,C,G,2.368e-06,8.786,C,G,0.00019800700000000002,0.171598,0.191813,0.039133,,,,,G,C,"PR;ANN=C|downstream_gene_variant|MODIFIER|MTUS1|ENSG00000129422|transcript|ENST00000523183|processed_transcript||n.*868C>G|||||868|,C|downstream_gene_variant|MODIFIER|MTUS1|ENSG00000129422|transcript|ENST00000519066|processed_transcript||n.*935C>G|||||935|,C|downstream_gene_variant|MODIFIER|MTUS1|ENSG00000129422|transcript|ENST00000521635|processed_transcript||n.*1037C>G|||||1037|,C|downstream_gene_variant|MODIFIER|MTUS1|ENSG00000129422|transcript|ENST00000522149|processed_transcript||n.*1417C>G|||||1417|,C|intron_variant|MODIFIER|MTUS1|ENSG00000129422|transcript|ENST00000262102|protein_coding|8/14|c.2905+1386C>G||||||,C|intron_variant|MODIFIER|MTUS1|ENSG00000129422|transcript|ENST00000400046|protein_coding|2/8|c.121+1386C>G||||||,C|intron_variant|MODIFIER|MTUS1|ENSG00000129422|transcript|ENST00000544260|protein_coding|5/11|c.340+1386C>G||||||,C|intron_variant|MODIFIER|MTUS1|ENSG00000129422|transcript|ENST00000381869|protein_coding|7/13|c.2743+1386C>G||||||,C|intron_variant|MODIFIER|MTUS1|ENSG00000129422|transcript|ENST00000517413|retained_intron|2/7|n.206+1386C>G||||||,C|intron_variant|MODIFIER|MTUS1|ENSG00000129422|transcript|ENST00000297488|protein_coding|3/9|c.403+1386C>G||||||,C|intron_variant|MODIFIER|MTUS1|ENSG00000129422|transcript|ENST00000520196|nonsense_mediated_decay|8/14|c.*653+1386C>G||||||WARNING_TRANSCRIPT_NO_START_CODON,C|intron_variant|MODIFIER|MTUS1|ENSG00000129422|transcript|ENST00000381861|protein_coding|5/11|c.646+1386C>G||||||,C|intron_variant|MODIFIER|MTUS1|ENSG00000129422|transcript|ENST00000519263|protein_coding|6/12|c.2743+1386C>G||||||,C|intron_variant|MODIFIER|MTUS1|ENSG00000129422|transcript|ENST00000518713|processed_transcript|4/8|n.600+1386C>G||||||,C|intron_variant|MODIFIER|MTUS1|ENSG00000129422|transcript|ENST00000522757|processed_transcript|1/3|n.79+1386C>G||||||,C|intron_variant|MODIFIER|MTUS1|ENSG00000129422|transcript|ENST00000521772|processed_transcript|2/3|n.269+1386C>G||||||,C|intron_variant|MODIFIER|MTUS1|ENSG00000129422|transcript|ENST00000524371|processed_transcript|3/3|n.369+1386C>G||||||,C|intron_variant|MODIFIER|MTUS1|ENSG00000129422|transcript|ENST00000517818|processed_transcript|3/3|n.531+1386C>G||||||,C|intron_variant|MODIFIER|MTUS1|ENSG00000129422|transcript|ENST00000524044|processed_transcript|5/5|n.527+1386C>G||||||"
18:77123374,ATP9B,A,C,4.1560000000000005e-06,6.103,A,C,0.00011799,0.5186109999999999,0.34415999999999997,0.213928,,,,,C,A,"PR;ANN=A|intron_variant|MODIFIER|ATP9B|ENSG00000166377|transcript|ENST00000426216|protein_coding|26/29|c.3012+3912C>A||||||,A|intron_variant|MODIFIER|ATP9B|ENSG00000166377|transcript|ENST00000307671|protein_coding|26/28|c.3012+3912C>A||||||,A|intron_variant|MODIFIER|ATP9B|ENSG00000166377|transcript|ENST00000543761|protein_coding|10/13|c.975+3912C>A||||||,A|intron_variant|MODIFIER|ATP9B|ENSG00000166377|transcript|ENST00000590477|nonsense_mediated_decay|5/7|c.502+3912C>A||||||WARNING_TRANSCRIPT_NO_START_CODON,A|intron_variant|MODIFIER|ATP9B|ENSG00000166377|transcript|ENST00000589951|retained_intron|2/3|n.227+3912C>A||||||,A|intron_variant|MODIFIER|ATP9B|ENSG00000166377|transcript|ENST00000588921|nonsense_mediated_decay|3/7|c.192+3912C>A||||||WARNING_TRANSCRIPT_NO_START_CODON,A|intron_variant|MODIFIER|ATP9B|ENSG00000166377|transcript|ENST00000587919|nonsense_mediated_decay|2/3|c.*209+1382C>A||||||,A|non_coding_transcript_exon_variant|MODIFIER|ATP9B|ENSG00000166377|transcript|ENST00000490210|retained_intron|24/24|n.6443C>A||||||"
4:179184145,RNU1-45P-RP11-84H6.1,G,A,4.253999999999999e-06,5.16,G,A,0.00110381,0.349381,0.250471,0.104547,,,,,A,G,PR;ANN=G|intergenic_region|MODIFIER|RNU1-45P-RP11-84H6.1|ENSG00000253000-ENSG00000241877|intergenic_region|ENSG00000253000-ENSG00000241877|||n.179184145A>G||||||
4:179187277,RNU1-45P-RP11-84H6.1,T,G,4.253999999999999e-06,5.16,T,G,0.00130376,0.3601,0.244811,0.104532,,,,,G,T,PR;ANN=T|intergenic_region|MODIFIER|RNU1-45P-RP11-84H6.1|ENSG00000253000-ENSG00000241877|intergenic_region|ENSG00000253000-ENSG00000241877|||n.179187277G>T||||||
2:123405266,AC018737.3-AC062020.2,T,G,4.38e-06,5.327000000000001,T,G,0.0009477760000000001,0.312128,0.241402,0.09035130000000001,,,,,G,T,PR;ANN=T|intergenic_region|MODIFIER|AC018737.3-AC062020.2|ENSG00000224655-ENSG00000237856|intergenic_region|ENSG00000224655-ENSG00000237856|||n.123405266G>T||||||
2:123400377,AC018737.3-AC062020.2,G,C,4.38e-06,5.327000000000001,G,C,0.00108367,0.316193,0.241835,0.0916172,,,,,C,G,PR;ANN=G|intergenic_region|MODIFIER|AC018737.3-AC062020.2|ENSG00000224655-ENSG00000237856|intergenic_region|ENSG00000224655-ENSG00000237856|||n.123400377C>G||||||
2:123409472,AC018737.3-AC062020.2,T,C,4.38e-06,5.327000000000001,T,C,0.000870421,0.309262,0.24029099999999998,0.08910180000000001,,,,,C,T,PR;ANN=T|intergenic_region|MODIFIER|AC018737.3-AC062020.2|ENSG00000224655-ENSG00000237856|intergenic_region|ENSG00000224655-ENSG00000237856|||n.123409472C>T||||||
2:123408957,AC018737.3-AC062020.2,T,C,4.38e-06,5.327000000000001,T,C,0.0008887439999999998,0.31008600000000003,0.240407,0.0893695,,,,,C,T,PR;ANN=T|intergenic_region|MODIFIER|AC018737.3-AC062020.2|ENSG00000224655-ENSG00000237856|intergenic_region|ENSG00000224655-ENSG00000237856|||n.123408957C>T||||||
2:123408037,AC018737.3-AC062020.2,C,T,4.38e-06,5.327000000000001,C,T,0.000901764,0.310648,0.24071900000000002,0.0896564,,,,,T,C,PR;ANN=C|intergenic_region|MODIFIER|AC018737.3-AC062020.2|ENSG00000224655-ENSG00000237856|intergenic_region|ENSG00000224655-ENSG00000237856|||n.123408037T>C||||||
2:123401189,AC018737.3-AC062020.2,C,T,4.38e-06,5.327000000000001,C,T,0.00105959,0.31549099999999997,0.241846,0.0914373,,,,,T,C,PR;ANN=C|intergenic_region|MODIFIER|AC018737.3-AC062020.2|ENSG00000224655-ENSG00000237856|intergenic_region|ENSG00000224655-ENSG00000237856|||n.123401189T>C||||||
2:123408761,AC018737.3-AC062020.2,C,G,4.38e-06,5.327000000000001,C,G,0.0008925910000000002,0.310217,0.24048899999999998,0.0894409,,,,,G,C,PR;ANN=C|intergenic_region|MODIFIER|AC018737.3-AC062020.2|ENSG00000224655-ENSG00000237856|intergenic_region|ENSG00000224655-ENSG00000237856|||n.123408761G>C||||||
2:123403621,AC018737.3-AC062020.2,C,T,4.38e-06,5.327000000000001,C,T,0.000976612,0.31292,0.24180700000000002,0.0907423,,,,,T,C,PR;ANN=C|intergenic_region|MODIFIER|AC018737.3-AC062020.2|ENSG00000224655-ENSG00000237856|intergenic_region|ENSG00000224655-ENSG00000237856|||n.123403621T>C||||||
2:123404447,AC018737.3-AC062020.2,G,A,4.38e-06,5.327000000000001,G,A,0.000958014,0.312404,0.241588,0.0905077,,,,,A,G,PR;ANN=G|intergenic_region|MODIFIER|AC018737.3-AC062020.2|ENSG00000224655-ENSG00000237856|intergenic_region|ENSG00000224655-ENSG00000237856|||n.123404447A>G||||||
2:123407250,AC018737.3-AC062020.2,C,T,4.38e-06,5.327000000000001,C,T,0.000913836,0.311027,0.24088,0.08982810000000001,,,,,T,C,PR;ANN=C|intergenic_region|MODIFIER|AC018737.3-AC062020.2|ENSG00000224655-ENSG00000237856|intergenic_region|ENSG00000224655-ENSG00000237856|||n.123407250T>C||||||
4:160715660,RP11-6C14.1-RP11-502M1.1,C,T,4.415e-06,5.5310000000000015,C,T,0.000137088,0.286763,0.253215,0.0886173,,,,,T,C,PR;ANN=C|intergenic_region|MODIFIER|RP11-6C14.1-RP11-502M1.1|ENSG00000250488-ENSG00000250997|intergenic_region|ENSG00000250488-ENSG00000250997|||n.160715660T>C||||||
7:17717709,AC006482.1,A,G,4.4869999999999996e-06,0.2189,G,A,0.00201513,0.47206000000000004,0.330127,0.510758,,,,,G,A,"PR;ANN=A|upstream_gene_variant|MODIFIER|AC006482.1|ENSG00000228675|transcript|ENST00000448898|lincRNA||n.-1464G>A|||||1464|,A|intergenic_region|MODIFIER|AC017060.1-AC006482.1|ENSG00000226598-ENSG00000228675|intergenic_region|ENSG00000226598-ENSG00000228675|||n.17717709G>A||||||"
8:17531304,MTUS1,T,C,4.716e-06,9.621,T,C,0.000215776,0.146921,0.180071,0.031258,,,,,C,T,"PR;ANN=T|downstream_gene_variant|MODIFIER|MTUS1|ENSG00000129422|transcript|ENST00000523183|processed_transcript||n.*873G>A|||||873|,T|downstream_gene_variant|MODIFIER|MTUS1|ENSG00000129422|transcript|ENST00000519066|processed_transcript||n.*940G>A|||||940|,T|downstream_gene_variant|MODIFIER|MTUS1|ENSG00000129422|transcript|ENST00000521635|processed_transcript||n.*1042G>A|||||1042|,T|downstream_gene_variant|MODIFIER|MTUS1|ENSG00000129422|transcript|ENST00000522149|processed_transcript||n.*1422G>A|||||1422|,T|intron_variant|MODIFIER|MTUS1|ENSG00000129422|transcript|ENST00000262102|protein_coding|8/14|c.2905+1391G>A||||||,T|intron_variant|MODIFIER|MTUS1|ENSG00000129422|transcript|ENST00000400046|protein_coding|2/8|c.121+1391G>A||||||,T|intron_variant|MODIFIER|MTUS1|ENSG00000129422|transcript|ENST00000544260|protein_coding|5/11|c.340+1391G>A||||||,T|intron_variant|MODIFIER|MTUS1|ENSG00000129422|transcript|ENST00000381869|protein_coding|7/13|c.2743+1391G>A||||||,T|intron_variant|MODIFIER|MTUS1|ENSG00000129422|transcript|ENST00000517413|retained_intron|2/7|n.206+1391G>A||||||,T|intron_variant|MODIFIER|MTUS1|ENSG00000129422|transcript|ENST00000297488|protein_coding|3/9|c.403+1391G>A||||||,T|intron_variant|MODIFIER|MTUS1|ENSG00000129422|transcript|ENST00000520196|nonsense_mediated_decay|8/14|c.*653+1391G>A||||||WARNING_TRANSCRIPT_NO_START_CODON,T|intron_variant|MODIFIER|MTUS1|ENSG00000129422|transcript|ENST00000381861|protein_coding|5/11|c.646+1391G>A||||||,T|intron_variant|MODIFIER|MTUS1|ENSG00000129422|transcript|ENST00000519263|protein_coding|6/12|c.2743+1391G>A||||||,T|intron_variant|MODIFIER|MTUS1|ENSG00000129422|transcript|ENST00000518713|processed_transcript|4/8|n.600+1391G>A||||||,T|intron_variant|MODIFIER|MTUS1|ENSG00000129422|transcript|ENST00000522757|processed_transcript|1/3|n.79+1391G>A||||||,T|intron_variant|MODIFIER|MTUS1|ENSG00000129422|transcript|ENST00000521772|processed_transcript|2/3|n.269+1391G>A||||||,T|intron_variant|MODIFIER|MTUS1|ENSG00000129422|transcript|ENST00000524371|processed_transcript|3/3|n.369+1391G>A||||||,T|intron_variant|MODIFIER|MTUS1|ENSG00000129422|transcript|ENST00000517818|processed_transcript|3/3|n.531+1391G>A||||||,T|intron_variant|MODIFIER|MTUS1|ENSG00000129422|transcript|ENST00000524044|processed_transcript|5/5|n.527+1391G>A||||||"
18:24791196,AQP4-AS1-RP11-57J16.1,A,C,6.154e-06,8.2,A,C,0.00129581,0.2172550000000001,0.15955,0.0396096,,,,,C,A,PR;ANN=A|intergenic_region|MODIFIER|AQP4-AS1-RP11-57J16.1|ENSG00000260372-ENSG00000265374|intergenic_region|ENSG00000260372-ENSG00000265374|||n.24791196C>A||||||
18:24809867,RP11-57J16.1,T,C,6.154e-06,8.2,T,C,0.00149192,0.22554699999999997,0.157588,0.0404843,,,,,C,T,PR;ANN=T|intron_variant|MODIFIER|RP11-57J16.1|ENSG00000265374|transcript|ENST00000583148|lincRNA|1/4|n.220+3942C>T||||||
18:24808153,RP11-57J16.1,G,T,6.154e-06,8.2,G,T,0.00144268,0.224117,0.157978,0.0403517,,,,,T,G,PR;ANN=G|intron_variant|MODIFIER|RP11-57J16.1|ENSG00000265374|transcript|ENST00000583148|lincRNA|1/4|n.220+2228T>G||||||
18:24801301,RP11-57J16.1,T,C,6.154e-06,8.2,T,C,0.00137975,0.221077,0.158583,0.04,,,,,C,T,"PR;ANN=T|upstream_gene_variant|MODIFIER|RP11-57J16.1|ENSG00000265374|transcript|ENST00000583148|lincRNA||n.-4405C>T|||||4405|,T|intergenic_region|MODIFIER|AQP4-AS1-RP11-57J16.1|ENSG00000260372-ENSG00000265374|intergenic_region|ENSG00000260372-ENSG00000265374|||n.24801301C>T||||||"
8:17530972,MTUS1,T,G,6.154e-06,8.2,T,G,0.0004655280000000001,0.17713099999999998,0.185802,0.038851300000000005,,,,,G,T,"PR;ANN=T|downstream_gene_variant|MODIFIER|MTUS1|ENSG00000129422|transcript|ENST00000523183|processed_transcript||n.*1205C>A|||||1205|,T|downstream_gene_variant|MODIFIER|MTUS1|ENSG00000129422|transcript|ENST00000519066|processed_transcript||n.*1272C>A|||||1272|,T|downstream_gene_variant|MODIFIER|MTUS1|ENSG00000129422|transcript|ENST00000521635|processed_transcript||n.*1374C>A|||||1374|,T|downstream_gene_variant|MODIFIER|MTUS1|ENSG00000129422|transcript|ENST00000522149|processed_transcript||n.*1754C>A|||||1754|,T|intron_variant|MODIFIER|MTUS1|ENSG00000129422|transcript|ENST00000262102|protein_coding|8/14|c.2905+1723C>A||||||,T|intron_variant|MODIFIER|MTUS1|ENSG00000129422|transcript|ENST00000400046|protein_coding|2/8|c.121+1723C>A||||||,T|intron_variant|MODIFIER|MTUS1|ENSG00000129422|transcript|ENST00000544260|protein_coding|5/11|c.340+1723C>A||||||,T|intron_variant|MODIFIER|MTUS1|ENSG00000129422|transcript|ENST00000381869|protein_coding|7/13|c.2743+1723C>A||||||,T|intron_variant|MODIFIER|MTUS1|ENSG00000129422|transcript|ENST00000517413|retained_intron|2/7|n.206+1723C>A||||||,T|intron_variant|MODIFIER|MTUS1|ENSG00000129422|transcript|ENST00000297488|protein_coding|3/9|c.403+1723C>A||||||,T|intron_variant|MODIFIER|MTUS1|ENSG00000129422|transcript|ENST00000520196|nonsense_mediated_decay|8/14|c.*653+1723C>A||||||WARNING_TRANSCRIPT_NO_START_CODON,T|intron_variant|MODIFIER|MTUS1|ENSG00000129422|transcript|ENST00000381861|protein_coding|5/11|c.646+1723C>A||||||,T|intron_variant|MODIFIER|MTUS1|ENSG00000129422|transcript|ENST00000519263|protein_coding|6/12|c.2743+1723C>A||||||,T|intron_variant|MODIFIER|MTUS1|ENSG00000129422|transcript|ENST00000518713|processed_transcript|4/8|n.600+1723C>A||||||,T|intron_variant|MODIFIER|MTUS1|ENSG00000129422|transcript|ENST00000522757|processed_transcript|1/3|n.79+1723C>A||||||,T|intron_variant|MODIFIER|MTUS1|ENSG00000129422|transcript|ENST00000521772|processed_transcript|2/3|n.269+1723C>A||||||,T|intron_variant|MODIFIER|MTUS1|ENSG00000129422|transcript|ENST00000524371|processed_transcript|3/3|n.369+1723C>A||||||,T|intron_variant|MODIFIER|MTUS1|ENSG00000129422|transcript|ENST00000517818|processed_transcript|3/3|n.531+1723C>A||||||,T|intron_variant|MODIFIER|MTUS1|ENSG00000129422|transcript|ENST00000524044|processed_transcript|5/5|n.527+1723C>A||||||"
8:17530910,MTUS1,T,C,6.154e-06,8.2,T,C,0.000469216,0.177303,0.185687,0.0388591,,,,,C,T,"PR;ANN=T|downstream_gene_variant|MODIFIER|MTUS1|ENSG00000129422|transcript|ENST00000523183|processed_transcript||n.*1267G>A|||||1267|,T|downstream_gene_variant|MODIFIER|MTUS1|ENSG00000129422|transcript|ENST00000519066|processed_transcript||n.*1334G>A|||||1334|,T|downstream_gene_variant|MODIFIER|MTUS1|ENSG00000129422|transcript|ENST00000521635|processed_transcript||n.*1436G>A|||||1436|,T|downstream_gene_variant|MODIFIER|MTUS1|ENSG00000129422|transcript|ENST00000522149|processed_transcript||n.*1816G>A|||||1816|,T|intron_variant|MODIFIER|MTUS1|ENSG00000129422|transcript|ENST00000262102|protein_coding|8/14|c.2905+1785G>A||||||,T|intron_variant|MODIFIER|MTUS1|ENSG00000129422|transcript|ENST00000400046|protein_coding|2/8|c.121+1785G>A||||||,T|intron_variant|MODIFIER|MTUS1|ENSG00000129422|transcript|ENST00000544260|protein_coding|5/11|c.340+1785G>A||||||,T|intron_variant|MODIFIER|MTUS1|ENSG00000129422|transcript|ENST00000381869|protein_coding|7/13|c.2743+1785G>A||||||,T|intron_variant|MODIFIER|MTUS1|ENSG00000129422|transcript|ENST00000517413|retained_intron|2/7|n.206+1785G>A||||||,T|intron_variant|MODIFIER|MTUS1|ENSG00000129422|transcript|ENST00000297488|protein_coding|3/9|c.403+1785G>A||||||,T|intron_variant|MODIFIER|MTUS1|ENSG00000129422|transcript|ENST00000520196|nonsense_mediated_decay|8/14|c.*653+1785G>A||||||WARNING_TRANSCRIPT_NO_START_CODON,T|intron_variant|MODIFIER|MTUS1|ENSG00000129422|transcript|ENST00000381861|protein_coding|5/11|c.646+1785G>A||||||,T|intron_variant|MODIFIER|MTUS1|ENSG00000129422|transcript|ENST00000519263|protein_coding|6/12|c.2743+1785G>A||||||,T|intron_variant|MODIFIER|MTUS1|ENSG00000129422|transcript|ENST00000518713|processed_transcript|4/8|n.600+1785G>A||||||,T|intron_variant|MODIFIER|MTUS1|ENSG00000129422|transcript|ENST00000522757|processed_transcript|1/3|n.79+1785G>A||||||,T|intron_variant|MODIFIER|MTUS1|ENSG00000129422|transcript|ENST00000521772|processed_transcript|2/3|n.269+1785G>A||||||,T|intron_variant|MODIFIER|MTUS1|ENSG00000129422|transcript|ENST00000524371|processed_transcript|3/3|n.369+1785G>A||||||,T|intron_variant|MODIFIER|MTUS1|ENSG00000129422|transcript|ENST00000517818|processed_transcript|3/3|n.531+1785G>A||||||,T|intron_variant|MODIFIER|MTUS1|ENSG00000129422|transcript|ENST00000524044|processed_transcript|5/5|n.527+1785G>A||||||"
8:17530274,MTUS1,A,G,6.154e-06,8.2,A,G,0.00048825199999999995,0.177953,0.18507200000000001,0.0388435,,,,,G,A,"PR;ANN=A|downstream_gene_variant|MODIFIER|MTUS1|ENSG00000129422|transcript|ENST00000523183|processed_transcript||n.*1903C>T|||||1903|,A|downstream_gene_variant|MODIFIER|MTUS1|ENSG00000129422|transcript|ENST00000519066|processed_transcript||n.*1970C>T|||||1970|,A|downstream_gene_variant|MODIFIER|MTUS1|ENSG00000129422|transcript|ENST00000521635|processed_transcript||n.*2072C>T|||||2072|,A|downstream_gene_variant|MODIFIER|MTUS1|ENSG00000129422|transcript|ENST00000522149|processed_transcript||n.*2452C>T|||||2452|,A|intron_variant|MODIFIER|MTUS1|ENSG00000129422|transcript|ENST00000262102|protein_coding|8/14|c.2905+2421C>T||||||,A|intron_variant|MODIFIER|MTUS1|ENSG00000129422|transcript|ENST00000400046|protein_coding|2/8|c.121+2421C>T||||||,A|intron_variant|MODIFIER|MTUS1|ENSG00000129422|transcript|ENST00000544260|protein_coding|5/11|c.340+2421C>T||||||,A|intron_variant|MODIFIER|MTUS1|ENSG00000129422|transcript|ENST00000381869|protein_coding|7/13|c.2743+2421C>T||||||,A|intron_variant|MODIFIER|MTUS1|ENSG00000129422|transcript|ENST00000517413|retained_intron|2/7|n.206+2421C>T||||||,A|intron_variant|MODIFIER|MTUS1|ENSG00000129422|transcript|ENST00000297488|protein_coding|3/9|c.403+2421C>T||||||,A|intron_variant|MODIFIER|MTUS1|ENSG00000129422|transcript|ENST00000520196|nonsense_mediated_decay|8/14|c.*653+2421C>T||||||WARNING_TRANSCRIPT_NO_START_CODON,A|intron_variant|MODIFIER|MTUS1|ENSG00000129422|transcript|ENST00000381861|protein_coding|5/11|c.646+2421C>T||||||,A|intron_variant|MODIFIER|MTUS1|ENSG00000129422|transcript|ENST00000519263|protein_coding|6/12|c.2743+2421C>T||||||,A|intron_variant|MODIFIER|MTUS1|ENSG00000129422|transcript|ENST00000518713|processed_transcript|4/8|n.600+2421C>T||||||,A|intron_variant|MODIFIER|MTUS1|ENSG00000129422|transcript|ENST00000522757|processed_transcript|1/3|n.79+2421C>T||||||,A|intron_variant|MODIFIER|MTUS1|ENSG00000129422|transcript|ENST00000521772|processed_transcript|2/3|n.269+2421C>T||||||,A|intron_variant|MODIFIER|MTUS1|ENSG00000129422|transcript|ENST00000524371|processed_transcript|3/3|n.369+2421C>T||||||,A|intron_variant|MODIFIER|MTUS1|ENSG00000129422|transcript|ENST00000517818|processed_transcript|3/3|n.531+2421C>T||||||,A|intron_variant|MODIFIER|MTUS1|ENSG00000129422|transcript|ENST00000524044|processed_transcript|5/5|n.527+2421C>T||||||"
8:17529510,MTUS1,T,G,6.154e-06,8.2,T,G,0.000512125,0.178883,0.184318,0.03885159999999999,,,,,G,T,"PR;ANN=T|downstream_gene_variant|MODIFIER|MTUS1|ENSG00000129422|transcript|ENST00000523183|processed_transcript||n.*2667C>A|||||2667|,T|downstream_gene_variant|MODIFIER|MTUS1|ENSG00000129422|transcript|ENST00000519066|processed_transcript||n.*2734C>A|||||2734|,T|downstream_gene_variant|MODIFIER|MTUS1|ENSG00000129422|transcript|ENST00000521635|processed_transcript||n.*2836C>A|||||2836|,T|downstream_gene_variant|MODIFIER|MTUS1|ENSG00000129422|transcript|ENST00000522149|processed_transcript||n.*3216C>A|||||3216|,T|intron_variant|MODIFIER|MTUS1|ENSG00000129422|transcript|ENST00000262102|protein_coding|8/14|c.2905+3185C>A||||||,T|intron_variant|MODIFIER|MTUS1|ENSG00000129422|transcript|ENST00000400046|protein_coding|2/8|c.121+3185C>A||||||,T|intron_variant|MODIFIER|MTUS1|ENSG00000129422|transcript|ENST00000544260|protein_coding|5/11|c.340+3185C>A||||||,T|intron_variant|MODIFIER|MTUS1|ENSG00000129422|transcript|ENST00000381869|protein_coding|7/13|c.2743+3185C>A||||||,T|intron_variant|MODIFIER|MTUS1|ENSG00000129422|transcript|ENST00000517413|retained_intron|2/7|n.206+3185C>A||||||,T|intron_variant|MODIFIER|MTUS1|ENSG00000129422|transcript|ENST00000297488|protein_coding|3/9|c.403+3185C>A||||||,T|intron_variant|MODIFIER|MTUS1|ENSG00000129422|transcript|ENST00000520196|nonsense_mediated_decay|8/14|c.*653+3185C>A||||||WARNING_TRANSCRIPT_NO_START_CODON,T|intron_variant|MODIFIER|MTUS1|ENSG00000129422|transcript|ENST00000381861|protein_coding|5/11|c.646+3185C>A||||||,T|intron_variant|MODIFIER|MTUS1|ENSG00000129422|transcript|ENST00000519263|protein_coding|6/12|c.2743+3185C>A||||||,T|intron_variant|MODIFIER|MTUS1|ENSG00000129422|transcript|ENST00000518713|processed_transcript|4/8|n.600+3185C>A||||||,T|intron_variant|MODIFIER|MTUS1|ENSG00000129422|transcript|ENST00000522757|processed_transcript|1/3|n.79+3185C>A||||||,T|intron_variant|MODIFIER|MTUS1|ENSG00000129422|transcript|ENST00000521772|processed_transcript|2/3|n.269+3185C>A||||||,T|intron_variant|MODIFIER|MTUS1|ENSG00000129422|transcript|ENST00000524371|processed_transcript|3/3|n.369+3185C>A||||||,T|intron_variant|MODIFIER|MTUS1|ENSG00000129422|transcript|ENST00000517818|processed_transcript|3/3|n.531+3185C>A||||||,T|intron_variant|MODIFIER|MTUS1|ENSG00000129422|transcript|ENST00000524044|processed_transcript|5/5|n.527+3185C>A||||||"
8:17528257,MTUS1,A,G,6.154e-06,8.2,A,G,0.000618647,0.183531,0.182038,0.0392422,,,,,G,A,"PR;ANN=A|downstream_gene_variant|MODIFIER|MTUS1|ENSG00000129422|transcript|ENST00000523183|processed_transcript||n.*3920C>T|||||3920|,A|downstream_gene_variant|MODIFIER|MTUS1|ENSG00000129422|transcript|ENST00000519066|processed_transcript||n.*3987C>T|||||3987|,A|downstream_gene_variant|MODIFIER|MTUS1|ENSG00000129422|transcript|ENST00000521635|processed_transcript||n.*4089C>T|||||4089|,A|downstream_gene_variant|MODIFIER|MTUS1|ENSG00000129422|transcript|ENST00000522149|processed_transcript||n.*4469C>T|||||4469|,A|intron_variant|MODIFIER|MTUS1|ENSG00000129422|transcript|ENST00000262102|protein_coding|8/14|c.2905+4438C>T||||||,A|intron_variant|MODIFIER|MTUS1|ENSG00000129422|transcript|ENST00000400046|protein_coding|2/8|c.121+4438C>T||||||,A|intron_variant|MODIFIER|MTUS1|ENSG00000129422|transcript|ENST00000544260|protein_coding|5/11|c.340+4438C>T||||||,A|intron_variant|MODIFIER|MTUS1|ENSG00000129422|transcript|ENST00000381869|protein_coding|7/13|c.2743+4438C>T||||||,A|intron_variant|MODIFIER|MTUS1|ENSG00000129422|transcript|ENST00000517413|retained_intron|2/7|n.206+4438C>T||||||,A|intron_variant|MODIFIER|MTUS1|ENSG00000129422|transcript|ENST00000297488|protein_coding|3/9|c.403+4438C>T||||||,A|intron_variant|MODIFIER|MTUS1|ENSG00000129422|transcript|ENST00000520196|nonsense_mediated_decay|8/14|c.*653+4438C>T||||||WARNING_TRANSCRIPT_NO_START_CODON,A|intron_variant|MODIFIER|MTUS1|ENSG00000129422|transcript|ENST00000381861|protein_coding|5/11|c.646+4438C>T||||||,A|intron_variant|MODIFIER|MTUS1|ENSG00000129422|transcript|ENST00000519263|protein_coding|6/12|c.2743+4438C>T||||||,A|intron_variant|MODIFIER|MTUS1|ENSG00000129422|transcript|ENST00000518713|processed_transcript|4/8|n.600+4438C>T||||||,A|intron_variant|MODIFIER|MTUS1|ENSG00000129422|transcript|ENST00000522757|processed_transcript|1/3|n.79+4438C>T||||||,A|intron_variant|MODIFIER|MTUS1|ENSG00000129422|transcript|ENST00000521772|processed_transcript|2/3|n.269+4438C>T||||||,A|intron_variant|MODIFIER|MTUS1|ENSG00000129422|transcript|ENST00000524371|processed_transcript|3/3|n.369+4438C>T||||||,A|intron_variant|MODIFIER|MTUS1|ENSG00000129422|transcript|ENST00000517818|processed_transcript|3/3|n.531+4438C>T||||||,A|intron_variant|MODIFIER|MTUS1|ENSG00000129422|transcript|ENST00000524044|processed_transcript|5/5|n.527+4438C>T||||||"
8:17528104,MTUS1,A,G,6.154e-06,8.2,A,G,0.00056792,0.18177100000000002,0.183478,0.0392422,,,,,G,A,"PR;ANN=A|downstream_gene_variant|MODIFIER|MTUS1|ENSG00000129422|transcript|ENST00000523183|processed_transcript||n.*4073C>T|||||4073|,A|downstream_gene_variant|MODIFIER|MTUS1|ENSG00000129422|transcript|ENST00000519066|processed_transcript||n.*4140C>T|||||4140|,A|downstream_gene_variant|MODIFIER|MTUS1|ENSG00000129422|transcript|ENST00000521635|processed_transcript||n.*4242C>T|||||4242|,A|downstream_gene_variant|MODIFIER|MTUS1|ENSG00000129422|transcript|ENST00000522149|processed_transcript||n.*4622C>T|||||4622|,A|intron_variant|MODIFIER|MTUS1|ENSG00000129422|transcript|ENST00000262102|protein_coding|8/14|c.2905+4591C>T||||||,A|intron_variant|MODIFIER|MTUS1|ENSG00000129422|transcript|ENST00000400046|protein_coding|2/8|c.121+4591C>T||||||,A|intron_variant|MODIFIER|MTUS1|ENSG00000129422|transcript|ENST00000544260|protein_coding|5/11|c.340+4591C>T||||||,A|intron_variant|MODIFIER|MTUS1|ENSG00000129422|transcript|ENST00000381869|protein_coding|7/13|c.2743+4591C>T||||||,A|intron_variant|MODIFIER|MTUS1|ENSG00000129422|transcript|ENST00000517413|retained_intron|2/7|n.206+4591C>T||||||,A|intron_variant|MODIFIER|MTUS1|ENSG00000129422|transcript|ENST00000297488|protein_coding|3/9|c.403+4591C>T||||||,A|intron_variant|MODIFIER|MTUS1|ENSG00000129422|transcript|ENST00000520196|nonsense_mediated_decay|8/14|c.*653+4591C>T||||||WARNING_TRANSCRIPT_NO_START_CODON,A|intron_variant|MODIFIER|MTUS1|ENSG00000129422|transcript|ENST00000381861|protein_coding|5/11|c.646+4591C>T||||||,A|intron_variant|MODIFIER|MTUS1|ENSG00000129422|transcript|ENST00000519263|protein_coding|6/12|c.2743+4591C>T||||||,A|intron_variant|MODIFIER|MTUS1|ENSG00000129422|transcript|ENST00000518713|processed_transcript|4/8|n.600+4591C>T||||||,A|intron_variant|MODIFIER|MTUS1|ENSG00000129422|transcript|ENST00000522757|processed_transcript|1/3|n.79+4591C>T||||||,A|intron_variant|MODIFIER|MTUS1|ENSG00000129422|transcript|ENST00000521772|processed_transcript|2/3|n.269+4591C>T||||||,A|intron_variant|MODIFIER|MTUS1|ENSG00000129422|transcript|ENST00000524371|processed_transcript|3/3|n.369+4591C>T||||||,A|intron_variant|MODIFIER|MTUS1|ENSG00000129422|transcript|ENST00000517818|processed_transcript|3/3|n.531+4591C>T||||||,A|intron_variant|MODIFIER|MTUS1|ENSG00000129422|transcript|ENST00000524044|processed_transcript|5/5|n.527+4591C>T||||||"
18:24806736,RP11-57J16.1,C,G,6.154e-06,8.2,C,G,0.00143706,0.22359,0.158077,0.0402892,,,,,G,C,PR;ANN=C|intron_variant|MODIFIER|RP11-57J16.1|ENSG00000265374|transcript|ENST00000583148|lincRNA|1/4|n.220+811G>C||||||
18:24807303,RP11-57J16.1,C,T,6.154e-06,8.2,C,T,0.00144865,0.223874,0.157934,0.0402969,,,,,T,C,PR;ANN=C|intron_variant|MODIFIER|RP11-57J16.1|ENSG00000265374|transcript|ENST00000583148|lincRNA|1/4|n.220+1378T>C||||||
18:24807346,RP11-57J16.1,A,G,6.154e-06,8.2,A,G,0.00143709,0.22376,0.158055,0.0403123,,,,,G,A,PR;ANN=A|intron_variant|MODIFIER|RP11-57J16.1|ENSG00000265374|transcript|ENST00000583148|lincRNA|1/4|n.220+1421G>A||||||
18:24807371,RP11-57J16.1,T,A,6.154e-06,8.2,T,A,0.00143761,0.22379899999999997,0.15803299999999998,0.04031269999999999,,,,,A,T,PR;ANN=T|intron_variant|MODIFIER|RP11-57J16.1|ENSG00000265374|transcript|ENST00000583148|lincRNA|1/4|n.220+1446A>T||||||
7:17717519,AC006482.1,C,T,7.0660000000000015e-06,0.231,T,C,0.00254089,0.481954,0.34120300000000003,0.517984,,,,,T,C,"PR;ANN=C|upstream_gene_variant|MODIFIER|AC006482.1|ENSG00000228675|transcript|ENST00000448898|lincRNA||n.-1654T>C|||||1654|,C|intergenic_region|MODIFIER|AC017060.1-AC006482.1|ENSG00000226598-ENSG00000228675|intergenic_region|ENSG00000226598-ENSG00000228675|||n.17717519T>C||||||"
8:17544864,MTUS1,T,C,7.51e-06,7.2620000000000005,T,C,0.00041832,0.19955799999999999,0.197802,0.04689840000000002,,,,,C,T,"PR;ANN=T|intron_variant|MODIFIER|MTUS1|ENSG00000129422|transcript|ENST00000262102|protein_coding|6/14|c.2624-2813G>A||||||,T|intron_variant|MODIFIER|MTUS1|ENSG00000129422|transcript|ENST00000544260|protein_coding|3/11|c.59-2813G>A||||||,T|intron_variant|MODIFIER|MTUS1|ENSG00000129422|transcript|ENST00000381869|protein_coding|5/13|c.2462-2813G>A||||||,T|intron_variant|MODIFIER|MTUS1|ENSG00000129422|transcript|ENST00000297488|protein_coding|1/9|c.122-2813G>A||||||,T|intron_variant|MODIFIER|MTUS1|ENSG00000129422|transcript|ENST00000520196|nonsense_mediated_decay|6/14|c.*372-2813G>A||||||WARNING_TRANSCRIPT_NO_START_CODON,T|intron_variant|MODIFIER|MTUS1|ENSG00000129422|transcript|ENST00000381861|protein_coding|3/11|c.365-2813G>A||||||,T|intron_variant|MODIFIER|MTUS1|ENSG00000129422|transcript|ENST00000519263|protein_coding|4/12|c.2462-2813G>A||||||,T|intron_variant|MODIFIER|MTUS1|ENSG00000129422|transcript|ENST00000518713|processed_transcript|2/8|n.319-2813G>A||||||,T|intron_variant|MODIFIER|MTUS1|ENSG00000129422|transcript|ENST00000524371|processed_transcript|1/3|n.88-2813G>A||||||,T|intron_variant|MODIFIER|MTUS1|ENSG00000129422|transcript|ENST00000517818|processed_transcript|1/3|n.250-2813G>A||||||,T|intron_variant|MODIFIER|MTUS1|ENSG00000129422|transcript|ENST00000524044|processed_transcript|3/5|n.246-2813G>A||||||,T|intron_variant|MODIFIER|MTUS1|ENSG00000129422|transcript|ENST00000521635|processed_transcript|1/3|n.86-2813G>A||||||,T|intron_variant|MODIFIER|MTUS1|ENSG00000129422|transcript|ENST00000522149|processed_transcript|3/4|n.293-2813G>A||||||,T|intron_variant|MODIFIER|MTUS1|ENSG00000129422|transcript|ENST00000521882|processed_transcript|3/3|n.330-2813G>A||||||,T|intron_variant|MODIFIER|MTUS1|ENSG00000129422|transcript|ENST00000518138|processed_transcript|4/4|n.382-2813G>A||||||,T|intron_variant|MODIFIER|MTUS1|ENSG00000129422|transcript|ENST00000517721|retained_intron|3/3|n.514-2813G>A||||||"
3:153132196,RP11-23D24.2,G,A,8.155e-06,3.943,G,A,0.0049287,0.46747,0.362181,0.209767,,,,,A,G,PR;ANN=G|intron_variant|MODIFIER|RP11-23D24.2|ENSG00000238755|transcript|ENST00000493214|antisense|5/6|n.382-28391T>C||||||
8:17546973,MTUS1,T,C,8.687e-06,6.6,T,C,0.000952348,0.24317399999999997,0.198132,0.0566797,,,,,C,T,"PR;ANN=T|intron_variant|MODIFIER|MTUS1|ENSG00000129422|transcript|ENST00000262102|protein_coding|6/14|c.2624-4922G>A||||||,T|intron_variant|MODIFIER|MTUS1|ENSG00000129422|transcript|ENST00000544260|protein_coding|3/11|c.59-4922G>A||||||,T|intron_variant|MODIFIER|MTUS1|ENSG00000129422|transcript|ENST00000381869|protein_coding|5/13|c.2462-4922G>A||||||,T|intron_variant|MODIFIER|MTUS1|ENSG00000129422|transcript|ENST00000297488|protein_coding|1/9|c.122-4922G>A||||||,T|intron_variant|MODIFIER|MTUS1|ENSG00000129422|transcript|ENST00000520196|nonsense_mediated_decay|6/14|c.*372-4922G>A||||||WARNING_TRANSCRIPT_NO_START_CODON,T|intron_variant|MODIFIER|MTUS1|ENSG00000129422|transcript|ENST00000381861|protein_coding|3/11|c.365-4922G>A||||||,T|intron_variant|MODIFIER|MTUS1|ENSG00000129422|transcript|ENST00000519263|protein_coding|4/12|c.2462-4922G>A||||||,T|intron_variant|MODIFIER|MTUS1|ENSG00000129422|transcript|ENST00000518713|processed_transcript|2/8|n.318+1841G>A||||||,T|intron_variant|MODIFIER|MTUS1|ENSG00000129422|transcript|ENST00000524371|processed_transcript|1/3|n.87+3788G>A||||||,T|intron_variant|MODIFIER|MTUS1|ENSG00000129422|transcript|ENST00000517818|processed_transcript|1/3|n.249+2505G>A||||||,T|intron_variant|MODIFIER|MTUS1|ENSG00000129422|transcript|ENST00000524044|processed_transcript|3/5|n.246-4922G>A||||||,T|intron_variant|MODIFIER|MTUS1|ENSG00000129422|transcript|ENST00000521635|processed_transcript|1/3|n.85+2678G>A||||||,T|intron_variant|MODIFIER|MTUS1|ENSG00000129422|transcript|ENST00000522149|processed_transcript|3/4|n.293-4922G>A||||||,T|intron_variant|MODIFIER|MTUS1|ENSG00000129422|transcript|ENST00000521882|processed_transcript|3/3|n.330-4922G>A||||||,T|intron_variant|MODIFIER|MTUS1|ENSG00000129422|transcript|ENST00000518138|processed_transcript|4/4|n.382-4922G>A||||||,T|intron_variant|MODIFIER|MTUS1|ENSG00000129422|transcript|ENST00000517721|retained_intron|3/3|n.514-4922G>A||||||"
8:17547401,MTUS1,T,C,8.687e-06,6.6,T,C,0.0010505999999999998,0.245274,0.19642300000000001,0.0565625,,,,,C,T,"PR;ANN=T|intron_variant|MODIFIER|MTUS1|ENSG00000129422|transcript|ENST00000262102|protein_coding|6/14|c.2624-5350G>A||||||,T|intron_variant|MODIFIER|MTUS1|ENSG00000129422|transcript|ENST00000544260|protein_coding|3/11|c.59-5350G>A||||||,T|intron_variant|MODIFIER|MTUS1|ENSG00000129422|transcript|ENST00000381869|protein_coding|5/13|c.2462-5350G>A||||||,T|intron_variant|MODIFIER|MTUS1|ENSG00000129422|transcript|ENST00000297488|protein_coding|1/9|c.122-5350G>A||||||,T|intron_variant|MODIFIER|MTUS1|ENSG00000129422|transcript|ENST00000520196|nonsense_mediated_decay|6/14|c.*372-5350G>A||||||WARNING_TRANSCRIPT_NO_START_CODON,T|intron_variant|MODIFIER|MTUS1|ENSG00000129422|transcript|ENST00000381861|protein_coding|3/11|c.365-5350G>A||||||,T|intron_variant|MODIFIER|MTUS1|ENSG00000129422|transcript|ENST00000519263|protein_coding|4/12|c.2462-5350G>A||||||,T|intron_variant|MODIFIER|MTUS1|ENSG00000129422|transcript|ENST00000518713|processed_transcript|2/8|n.318+1413G>A||||||,T|intron_variant|MODIFIER|MTUS1|ENSG00000129422|transcript|ENST00000524371|processed_transcript|1/3|n.87+3360G>A||||||,T|intron_variant|MODIFIER|MTUS1|ENSG00000129422|transcript|ENST00000517818|processed_transcript|1/3|n.249+2077G>A||||||,T|intron_variant|MODIFIER|MTUS1|ENSG00000129422|transcript|ENST00000524044|processed_transcript|3/5|n.246-5350G>A||||||,T|intron_variant|MODIFIER|MTUS1|ENSG00000129422|transcript|ENST00000521635|processed_transcript|1/3|n.85+2250G>A||||||,T|intron_variant|MODIFIER|MTUS1|ENSG00000129422|transcript|ENST00000522149|processed_transcript|3/4|n.293-5350G>A||||||,T|intron_variant|MODIFIER|MTUS1|ENSG00000129422|transcript|ENST00000521882|processed_transcript|3/3|n.330-5350G>A||||||,T|intron_variant|MODIFIER|MTUS1|ENSG00000129422|transcript|ENST00000518138|processed_transcript|4/4|n.382-5350G>A||||||,T|intron_variant|MODIFIER|MTUS1|ENSG00000129422|transcript|ENST00000517721|retained_intron|3/3|n.514-5350G>A||||||"
2:53897251,GPR75-ASB3,G,A,8.772e-06,11.11,G,A,0.000629345,0.240006,0.144789,0.0390469,,,,,A,G,"PR;ANN=G|3_prime_UTR_variant|MODIFIER|GPR75-ASB3|ENSG00000115239|transcript|ENST00000263634|protein_coding|10/10|c.*389T>C|||||389|,G|downstream_gene_variant|MODIFIER|ASB3|ENSG00000270898|transcript|ENST00000406625|protein_coding||c.*389T>C|||||179|,G|downstream_gene_variant|MODIFIER|GPR75-ASB3|ENSG00000115239|transcript|ENST00000352846|protein_coding||c.*389T>C|||||205|,G|downstream_gene_variant|MODIFIER|GPR75-ASB3|ENSG00000115239|transcript|ENST00000482829|processed_transcript||n.*184T>C|||||184|,G|downstream_gene_variant|MODIFIER|GPR75-ASB3|ENSG00000115239|transcript|ENST00000406687|protein_coding||c.*389T>C|||||205|,G|downstream_gene_variant|MODIFIER|GPR75-ASB3|ENSG00000115239|transcript|ENST00000394717|protein_coding||c.*389T>C|||||205|,G|downstream_gene_variant|MODIFIER|GPR75-ASB3|ENSG00000115239|transcript|ENST00000470707|retained_intron||n.*492T>C|||||492|,G|intron_variant|MODIFIER|GPR75-ASB3|ENSG00000115239|transcript|ENST00000406053|protein_coding|8/9|c.1345+23770T>C||||||WARNING_TRANSCRIPT_NO_START_CODON"
8:17552070,MTUS1,A,G,9.62e-06,6.1110000000000015,A,G,0.000247453,0.22745500000000002,0.225752,0.062195600000000004,,,,,G,A,"PR;ANN=A|upstream_gene_variant|MODIFIER|MTUS1|ENSG00000129422|transcript|ENST00000518713|processed_transcript||n.-2335C>T|||||2335|,A|upstream_gene_variant|MODIFIER|MTUS1|ENSG00000129422|transcript|ENST00000524371|processed_transcript||n.-1223C>T|||||1223|,A|upstream_gene_variant|MODIFIER|MTUS1|ENSG00000129422|transcript|ENST00000517818|processed_transcript||n.-2344C>T|||||2344|,A|upstream_gene_variant|MODIFIER|MTUS1|ENSG00000129422|transcript|ENST00000521635|processed_transcript||n.-2335C>T|||||2335|,A|intron_variant|MODIFIER|MTUS1|ENSG00000129422|transcript|ENST00000262102|protein_coding|6/14|c.2624-10019C>T||||||,A|intron_variant|MODIFIER|MTUS1|ENSG00000129422|transcript|ENST00000544260|protein_coding|3/11|c.59-10019C>T||||||,A|intron_variant|MODIFIER|MTUS1|ENSG00000129422|transcript|ENST00000381869|protein_coding|5/13|c.2462-10019C>T||||||,A|intron_variant|MODIFIER|MTUS1|ENSG00000129422|transcript|ENST00000297488|protein_coding|1/9|c.121+2696C>T||||||,A|intron_variant|MODIFIER|MTUS1|ENSG00000129422|transcript|ENST00000520196|nonsense_mediated_decay|6/14|c.*372-10019C>T||||||WARNING_TRANSCRIPT_NO_START_CODON,A|intron_variant|MODIFIER|MTUS1|ENSG00000129422|transcript|ENST00000381861|protein_coding|3/11|c.365-10019C>T||||||,A|intron_variant|MODIFIER|MTUS1|ENSG00000129422|transcript|ENST00000519263|protein_coding|4/12|c.2462-10019C>T||||||,A|intron_variant|MODIFIER|MTUS1|ENSG00000129422|transcript|ENST00000524044|processed_transcript|3/5|n.246-10019C>T||||||,A|intron_variant|MODIFIER|MTUS1|ENSG00000129422|transcript|ENST00000522149|processed_transcript|3/4|n.293-10019C>T||||||,A|intron_variant|MODIFIER|MTUS1|ENSG00000129422|transcript|ENST00000521882|processed_transcript|3/3|n.330-10019C>T||||||,A|intron_variant|MODIFIER|MTUS1|ENSG00000129422|transcript|ENST00000518138|processed_transcript|4/4|n.382-10019C>T||||||,A|intron_variant|MODIFIER|MTUS1|ENSG00000129422|transcript|ENST00000517721|retained_intron|3/3|n.514-10019C>T||||||"
8:17550166,MTUS1,C,T,9.62e-06,6.1110000000000015,C,T,0.000564982,0.251181,0.22064299999999998,0.06639060000000001,,,,,T,C,"PR;ANN=C|upstream_gene_variant|MODIFIER|MTUS1|ENSG00000129422|transcript|ENST00000518713|processed_transcript||n.-431A>G|||||431|,C|upstream_gene_variant|MODIFIER|MTUS1|ENSG00000129422|transcript|ENST00000517818|processed_transcript||n.-440A>G|||||440|,C|upstream_gene_variant|MODIFIER|MTUS1|ENSG00000129422|transcript|ENST00000521635|processed_transcript||n.-431A>G|||||431|,C|intron_variant|MODIFIER|MTUS1|ENSG00000129422|transcript|ENST00000262102|protein_coding|6/14|c.2624-8115A>G||||||,C|intron_variant|MODIFIER|MTUS1|ENSG00000129422|transcript|ENST00000544260|protein_coding|3/11|c.59-8115A>G||||||,C|intron_variant|MODIFIER|MTUS1|ENSG00000129422|transcript|ENST00000381869|protein_coding|5/13|c.2462-8115A>G||||||,C|intron_variant|MODIFIER|MTUS1|ENSG00000129422|transcript|ENST00000297488|protein_coding|1/9|c.121+4600A>G||||||,C|intron_variant|MODIFIER|MTUS1|ENSG00000129422|transcript|ENST00000520196|nonsense_mediated_decay|6/14|c.*372-8115A>G||||||WARNING_TRANSCRIPT_NO_START_CODON,C|intron_variant|MODIFIER|MTUS1|ENSG00000129422|transcript|ENST00000381861|protein_coding|3/11|c.365-8115A>G||||||,C|intron_variant|MODIFIER|MTUS1|ENSG00000129422|transcript|ENST00000519263|protein_coding|4/12|c.2462-8115A>G||||||,C|intron_variant|MODIFIER|MTUS1|ENSG00000129422|transcript|ENST00000524371|processed_transcript|1/3|n.87+595A>G||||||,C|intron_variant|MODIFIER|MTUS1|ENSG00000129422|transcript|ENST00000524044|processed_transcript|3/5|n.246-8115A>G||||||,C|intron_variant|MODIFIER|MTUS1|ENSG00000129422|transcript|ENST00000522149|processed_transcript|3/4|n.293-8115A>G||||||,C|intron_variant|MODIFIER|MTUS1|ENSG00000129422|transcript|ENST00000521882|processed_transcript|3/3|n.330-8115A>G||||||,C|intron_variant|MODIFIER|MTUS1|ENSG00000129422|transcript|ENST00000518138|processed_transcript|4/4|n.382-8115A>G||||||,C|intron_variant|MODIFIER|MTUS1|ENSG00000129422|transcript|ENST00000517721|retained_intron|3/3|n.514-8115A>G||||||"
20:2239120,RP11-128M1.1-TGM3,T,C,9.636e-06,,T,C,0.00166907,0.0492515,0.0743131,0.00393828,,,,,C,T,PR;ANN=T|intergenic_region|MODIFIER|RP11-128M1.1-TGM3|ENSG00000226644-ENSG00000125780|intergenic_region|ENSG00000226644-ENSG00000125780|||n.2239120C>T||||||
13:61949960,MIR3169-PCDH20,G,T,2.602e-05,0.1494,G,T,4.42936e-06,3.77809,0.10972,0.317695,,,,,T,G,PR;ANN=G|intergenic_region|MODIFIER|MIR3169-PCDH20|ENSG00000266663-ENSG00000197991|intergenic_region|ENSG00000266663-ENSG00000197991|||n.61949960T>G||||||
13:61950506,MIR3169-PCDH20,G,T,5.992e-05,0.1937,G,T,8.98939e-06,3.4949199999999996,0.129077,0.34122600000000003,,,,,T,G,PR;ANN=G|intergenic_region|MODIFIER|MIR3169-PCDH20|ENSG00000266663-ENSG00000197991|intergenic_region|ENSG00000266663-ENSG00000197991|||n.61950506T>G||||||
2:212616720,ERBB4,C,G,8.2e-05,3.5039999999999996,C,G,1.63984e-06,0.289113,0.438105,0.183953,,,,,G,C,"PR;ANN=C|sequence_feature|LOW|ERBB4|ENSG00000178568|compositionally-biased-region:Cys-rich|ENST00000342788|protein_coding|4/27|c.557-1291C>G||||||,C|sequence_feature|LOW|ERBB4|ENSG00000178568|compositionally-biased-region:Cys-rich|ENST00000436443|protein_coding|4/26|c.557-1291C>G||||||,C|intron_variant|MODIFIER|ERBB4|ENSG00000178568|transcript|ENST00000342788|protein_coding|4/27|c.557-1291C>G||||||,C|intron_variant|MODIFIER|ERBB4|ENSG00000178568|transcript|ENST00000436443|protein_coding|4/26|c.557-1291C>G||||||,C|intron_variant|MODIFIER|ERBB4|ENSG00000178568|transcript|ENST00000402597|protein_coding|4/27|c.557-1291C>G||||||,C|intron_variant|MODIFIER|ERBB4|ENSG00000178568|transcript|ENST00000484594|retained_intron|4/19|n.609-1291C>G||||||,C|intron_variant|MODIFIER|ERBB4|ENSG00000178568|transcript|ENST00000260943|protein_coding|4/18|c.554-1291C>G||||||WARNING_TRANSCRIPT_INCOMPLETE,C|intron_variant|MODIFIER|ERBB4|ENSG00000178568|transcript|ENST00000484474|processed_transcript|3/4|n.474-1291C>G||||||,C|intron_variant|MODIFIER|ERBB4|ENSG00000178568|transcript|ENST00000435846|protein_coding|4/4|c.380-1291C>G||||||WARNING_TRANSCRIPT_INCOMPLETE"
2:212620510,ERBB4,A,C,9.609e-05,3.5039999999999996,A,C,1.2266500000000001e-06,0.278177,0.434771,0.176258,,,,,C,A,"PR;ANN=A|sequence_feature|LOW|ERBB4|ENSG00000178568|compositionally-biased-region:Cys-rich|ENST00000342788|protein_coding|4/27|c.557-5081G>T||||||,A|sequence_feature|LOW|ERBB4|ENSG00000178568|compositionally-biased-region:Cys-rich|ENST00000436443|protein_coding|4/26|c.557-5081G>T||||||,A|intron_variant|MODIFIER|ERBB4|ENSG00000178568|transcript|ENST00000342788|protein_coding|4/27|c.557-5081G>T||||||,A|intron_variant|MODIFIER|ERBB4|ENSG00000178568|transcript|ENST00000436443|protein_coding|4/26|c.557-5081G>T||||||,A|intron_variant|MODIFIER|ERBB4|ENSG00000178568|transcript|ENST00000402597|protein_coding|4/27|c.557-5081G>T||||||,A|intron_variant|MODIFIER|ERBB4|ENSG00000178568|transcript|ENST00000484594|retained_intron|4/19|n.609-5081G>T||||||,A|intron_variant|MODIFIER|ERBB4|ENSG00000178568|transcript|ENST00000260943|protein_coding|4/18|c.554-5081G>T||||||WARNING_TRANSCRIPT_INCOMPLETE,A|intron_variant|MODIFIER|ERBB4|ENSG00000178568|transcript|ENST00000484474|processed_transcript|3/4|n.474-5081G>T||||||,A|intron_variant|MODIFIER|ERBB4|ENSG00000178568|transcript|ENST00000435846|protein_coding|4/4|c.380-5081G>T||||||WARNING_TRANSCRIPT_INCOMPLETE"
2:212620063,ERBB4,A,C,9.609e-05,3.5039999999999996,A,C,1.2261200000000001e-06,0.278159,0.434759,0.176242,,,,,C,A,"PR;ANN=A|sequence_feature|LOW|ERBB4|ENSG00000178568|compositionally-biased-region:Cys-rich|ENST00000342788|protein_coding|4/27|c.557-4634G>T||||||,A|sequence_feature|LOW|ERBB4|ENSG00000178568|compositionally-biased-region:Cys-rich|ENST00000436443|protein_coding|4/26|c.557-4634G>T||||||,A|intron_variant|MODIFIER|ERBB4|ENSG00000178568|transcript|ENST00000342788|protein_coding|4/27|c.557-4634G>T||||||,A|intron_variant|MODIFIER|ERBB4|ENSG00000178568|transcript|ENST00000436443|protein_coding|4/26|c.557-4634G>T||||||,A|intron_variant|MODIFIER|ERBB4|ENSG00000178568|transcript|ENST00000402597|protein_coding|4/27|c.557-4634G>T||||||,A|intron_variant|MODIFIER|ERBB4|ENSG00000178568|transcript|ENST00000484594|retained_intron|4/19|n.609-4634G>T||||||,A|intron_variant|MODIFIER|ERBB4|ENSG00000178568|transcript|ENST00000260943|protein_coding|4/18|c.554-4634G>T||||||WARNING_TRANSCRIPT_INCOMPLETE,A|intron_variant|MODIFIER|ERBB4|ENSG00000178568|transcript|ENST00000484474|processed_transcript|3/4|n.474-4634G>T||||||,A|intron_variant|MODIFIER|ERBB4|ENSG00000178568|transcript|ENST00000435846|protein_coding|4/4|c.380-4634G>T||||||WARNING_TRANSCRIPT_INCOMPLETE"
2:212624821,ERBB4,G,A,9.609e-05,3.5039999999999996,G,A,1.37078e-06,0.279474,0.43536800000000003,0.177288,,,,,A,G,"PR;ANN=G|sequence_feature|LOW|ERBB4|ENSG00000178568|compositionally-biased-region:Cys-rich|ENST00000342788|protein_coding|4/27|c.557-9392T>C||||||,G|sequence_feature|LOW|ERBB4|ENSG00000178568|compositionally-biased-region:Cys-rich|ENST00000436443|protein_coding|4/26|c.557-9392T>C||||||,G|intron_variant|MODIFIER|ERBB4|ENSG00000178568|transcript|ENST00000342788|protein_coding|4/27|c.557-9392T>C||||||,G|intron_variant|MODIFIER|ERBB4|ENSG00000178568|transcript|ENST00000436443|protein_coding|4/26|c.557-9392T>C||||||,G|intron_variant|MODIFIER|ERBB4|ENSG00000178568|transcript|ENST00000402597|protein_coding|4/27|c.557-9392T>C||||||,G|intron_variant|MODIFIER|ERBB4|ENSG00000178568|transcript|ENST00000484594|retained_intron|4/19|n.609-9392T>C||||||,G|intron_variant|MODIFIER|ERBB4|ENSG00000178568|transcript|ENST00000260943|protein_coding|4/18|c.554-9392T>C||||||WARNING_TRANSCRIPT_INCOMPLETE,G|intron_variant|MODIFIER|ERBB4|ENSG00000178568|transcript|ENST00000484474|processed_transcript|3/4|n.474-9392T>C||||||,G|intron_variant|MODIFIER|ERBB4|ENSG00000178568|transcript|ENST00000435846|protein_coding|4/4|c.380-9392T>C||||||WARNING_TRANSCRIPT_INCOMPLETE"
2:212619552,ERBB4,A,G,9.609e-05,3.5039999999999996,A,G,1.22149e-06,0.27818899999999996,0.43472,0.176234,,,,,G,A,"PR;ANN=A|sequence_feature|LOW|ERBB4|ENSG00000178568|compositionally-biased-region:Cys-rich|ENST00000342788|protein_coding|4/27|c.557-4123C>T||||||,A|sequence_feature|LOW|ERBB4|ENSG00000178568|compositionally-biased-region:Cys-rich|ENST00000436443|protein_coding|4/26|c.557-4123C>T||||||,A|intron_variant|MODIFIER|ERBB4|ENSG00000178568|transcript|ENST00000342788|protein_coding|4/27|c.557-4123C>T||||||,A|intron_variant|MODIFIER|ERBB4|ENSG00000178568|transcript|ENST00000436443|protein_coding|4/26|c.557-4123C>T||||||,A|intron_variant|MODIFIER|ERBB4|ENSG00000178568|transcript|ENST00000402597|protein_coding|4/27|c.557-4123C>T||||||,A|intron_variant|MODIFIER|ERBB4|ENSG00000178568|transcript|ENST00000484594|retained_intron|4/19|n.609-4123C>T||||||,A|intron_variant|MODIFIER|ERBB4|ENSG00000178568|transcript|ENST00000260943|protein_coding|4/18|c.554-4123C>T||||||WARNING_TRANSCRIPT_INCOMPLETE,A|intron_variant|MODIFIER|ERBB4|ENSG00000178568|transcript|ENST00000484474|processed_transcript|3/4|n.474-4123C>T||||||,A|intron_variant|MODIFIER|ERBB4|ENSG00000178568|transcript|ENST00000435846|protein_coding|4/4|c.380-4123C>T||||||WARNING_TRANSCRIPT_INCOMPLETE"
2:212619095,ERBB4,T,G,9.609e-05,3.5039999999999996,T,G,1.2893999999999999e-06,0.27882199999999996,0.43503400000000003,0.17675,,,,,G,T,"PR;ANN=T|sequence_feature|LOW|ERBB4|ENSG00000178568|compositionally-biased-region:Cys-rich|ENST00000342788|protein_coding|4/27|c.557-3666C>A||||||,T|sequence_feature|LOW|ERBB4|ENSG00000178568|compositionally-biased-region:Cys-rich|ENST00000436443|protein_coding|4/26|c.557-3666C>A||||||,T|intron_variant|MODIFIER|ERBB4|ENSG00000178568|transcript|ENST00000342788|protein_coding|4/27|c.557-3666C>A||||||,T|intron_variant|MODIFIER|ERBB4|ENSG00000178568|transcript|ENST00000436443|protein_coding|4/26|c.557-3666C>A||||||,T|intron_variant|MODIFIER|ERBB4|ENSG00000178568|transcript|ENST00000402597|protein_coding|4/27|c.557-3666C>A||||||,T|intron_variant|MODIFIER|ERBB4|ENSG00000178568|transcript|ENST00000484594|retained_intron|4/19|n.609-3666C>A||||||,T|intron_variant|MODIFIER|ERBB4|ENSG00000178568|transcript|ENST00000260943|protein_coding|4/18|c.554-3666C>A||||||WARNING_TRANSCRIPT_INCOMPLETE,T|intron_variant|MODIFIER|ERBB4|ENSG00000178568|transcript|ENST00000484474|processed_transcript|3/4|n.474-3666C>A||||||,T|intron_variant|MODIFIER|ERBB4|ENSG00000178568|transcript|ENST00000435846|protein_coding|4/4|c.380-3666C>A||||||WARNING_TRANSCRIPT_INCOMPLETE"
2:212619529,ERBB4,A,G,9.609e-05,3.5039999999999996,A,G,1.2206200000000001e-06,0.278179,0.43471499999999996,0.176226,,,,,G,A,"PR;ANN=A|sequence_feature|LOW|ERBB4|ENSG00000178568|compositionally-biased-region:Cys-rich|ENST00000342788|protein_coding|4/27|c.557-4100C>T||||||,A|sequence_feature|LOW|ERBB4|ENSG00000178568|compositionally-biased-region:Cys-rich|ENST00000436443|protein_coding|4/26|c.557-4100C>T||||||,A|intron_variant|MODIFIER|ERBB4|ENSG00000178568|transcript|ENST00000342788|protein_coding|4/27|c.557-4100C>T||||||,A|intron_variant|MODIFIER|ERBB4|ENSG00000178568|transcript|ENST00000436443|protein_coding|4/26|c.557-4100C>T||||||,A|intron_variant|MODIFIER|ERBB4|ENSG00000178568|transcript|ENST00000402597|protein_coding|4/27|c.557-4100C>T||||||,A|intron_variant|MODIFIER|ERBB4|ENSG00000178568|transcript|ENST00000484594|retained_intron|4/19|n.609-4100C>T||||||,A|intron_variant|MODIFIER|ERBB4|ENSG00000178568|transcript|ENST00000260943|protein_coding|4/18|c.554-4100C>T||||||WARNING_TRANSCRIPT_INCOMPLETE,A|intron_variant|MODIFIER|ERBB4|ENSG00000178568|transcript|ENST00000484474|processed_transcript|3/4|n.474-4100C>T||||||,A|intron_variant|MODIFIER|ERBB4|ENSG00000178568|transcript|ENST00000435846|protein_coding|4/4|c.380-4100C>T||||||WARNING_TRANSCRIPT_INCOMPLETE"
13:61920087,MIR3169-PCDH20,A,T,0.0001372,0.1732,A,T,4.15478e-06,3.84994,0.0948958,0.28757,,,,,T,A,PR;ANN=A|intergenic_region|MODIFIER|MIR3169-PCDH20|ENSG00000266663-ENSG00000197991|intergenic_region|ENSG00000266663-ENSG00000197991|||n.61920087T>A||||||
13:61921358,MIR3169-PCDH20,C,G,0.0001372,0.1732,C,G,4.68465e-06,3.8051800000000013,0.0957693,0.28725,,,,,G,C,PR;ANN=C|intergenic_region|MODIFIER|MIR3169-PCDH20|ENSG00000266663-ENSG00000197991|intergenic_region|ENSG00000266663-ENSG00000197991|||n.61921358G>C||||||
2:212614488,ERBB4,T,G,0.0001726,3.32,T,G,1.6789e-06,0.289375,0.43746,0.183695,,,,,G,T,"PR;ANN=T|downstream_gene_variant|MODIFIER|ERBB4|ENSG00000178568|transcript|ENST00000435846|protein_coding||c.*936C>A|||||936|WARNING_TRANSCRIPT_INCOMPLETE,T|intron_variant|MODIFIER|ERBB4|ENSG00000178568|transcript|ENST00000342788|protein_coding|5/27|c.622+876C>A||||||,T|intron_variant|MODIFIER|ERBB4|ENSG00000178568|transcript|ENST00000436443|protein_coding|5/26|c.622+876C>A||||||,T|intron_variant|MODIFIER|ERBB4|ENSG00000178568|transcript|ENST00000402597|protein_coding|5/27|c.622+876C>A||||||,T|intron_variant|MODIFIER|ERBB4|ENSG00000178568|transcript|ENST00000484594|retained_intron|5/19|n.674+876C>A||||||,T|intron_variant|MODIFIER|ERBB4|ENSG00000178568|transcript|ENST00000260943|protein_coding|5/18|c.619+876C>A||||||WARNING_TRANSCRIPT_INCOMPLETE,T|intron_variant|MODIFIER|ERBB4|ENSG00000178568|transcript|ENST00000484474|processed_transcript|4/4|n.539+876C>A||||||"
2:212609698,ERBB4,A,C,0.0001726,3.32,A,C,1.5397799999999997e-06,0.28828400000000004,0.4378260000000001,0.183352,,,,,C,A,"PR;ANN=A|intron_variant|MODIFIER|ERBB4|ENSG00000178568|transcript|ENST00000342788|protein_coding|5/27|c.622+5666G>T||||||,A|intron_variant|MODIFIER|ERBB4|ENSG00000178568|transcript|ENST00000436443|protein_coding|5/26|c.622+5666G>T||||||,A|intron_variant|MODIFIER|ERBB4|ENSG00000178568|transcript|ENST00000402597|protein_coding|5/27|c.622+5666G>T||||||,A|intron_variant|MODIFIER|ERBB4|ENSG00000178568|transcript|ENST00000484594|retained_intron|5/19|n.674+5666G>T||||||,A|intron_variant|MODIFIER|ERBB4|ENSG00000178568|transcript|ENST00000260943|protein_coding|5/18|c.619+5666G>T||||||WARNING_TRANSCRIPT_INCOMPLETE,A|intron_variant|MODIFIER|ERBB4|ENSG00000178568|transcript|ENST00000484474|processed_transcript|4/4|n.539+5666G>T||||||"
2:212609905,ERBB4,C,A,0.0001726,3.32,C,A,1.62184e-06,0.289064,0.4381600000000001,0.18396099999999999,,,,,A,C,"PR;ANN=C|intron_variant|MODIFIER|ERBB4|ENSG00000178568|transcript|ENST00000342788|protein_coding|5/27|c.622+5459T>G||||||,C|intron_variant|MODIFIER|ERBB4|ENSG00000178568|transcript|ENST00000436443|protein_coding|5/26|c.622+5459T>G||||||,C|intron_variant|MODIFIER|ERBB4|ENSG00000178568|transcript|ENST00000402597|protein_coding|5/27|c.622+5459T>G||||||,C|intron_variant|MODIFIER|ERBB4|ENSG00000178568|transcript|ENST00000484594|retained_intron|5/19|n.674+5459T>G||||||,C|intron_variant|MODIFIER|ERBB4|ENSG00000178568|transcript|ENST00000260943|protein_coding|5/18|c.619+5459T>G||||||WARNING_TRANSCRIPT_INCOMPLETE,C|intron_variant|MODIFIER|ERBB4|ENSG00000178568|transcript|ENST00000484474|processed_transcript|4/4|n.539+5459T>G||||||"
2:212609927,ERBB4,T,C,0.0001726,3.32,T,C,1.54298e-06,0.288378,0.43784700000000004,0.18341400000000002,,,,,C,T,"PR;ANN=T|intron_variant|MODIFIER|ERBB4|ENSG00000178568|transcript|ENST00000342788|protein_coding|5/27|c.622+5437G>A||||||,T|intron_variant|MODIFIER|ERBB4|ENSG00000178568|transcript|ENST00000436443|protein_coding|5/26|c.622+5437G>A||||||,T|intron_variant|MODIFIER|ERBB4|ENSG00000178568|transcript|ENST00000402597|protein_coding|5/27|c.622+5437G>A||||||,T|intron_variant|MODIFIER|ERBB4|ENSG00000178568|transcript|ENST00000484594|retained_intron|5/19|n.674+5437G>A||||||,T|intron_variant|MODIFIER|ERBB4|ENSG00000178568|transcript|ENST00000260943|protein_coding|5/18|c.619+5437G>A||||||WARNING_TRANSCRIPT_INCOMPLETE,T|intron_variant|MODIFIER|ERBB4|ENSG00000178568|transcript|ENST00000484474|processed_transcript|4/4|n.539+5437G>A||||||"
2:212610016,ERBB4,G,T,0.0001726,3.32,G,T,1.62536e-06,0.289113,0.438171,0.18399300000000002,,,,,T,G,"PR;ANN=G|intron_variant|MODIFIER|ERBB4|ENSG00000178568|transcript|ENST00000342788|protein_coding|5/27|c.622+5348A>C||||||,G|intron_variant|MODIFIER|ERBB4|ENSG00000178568|transcript|ENST00000436443|protein_coding|5/26|c.622+5348A>C||||||,G|intron_variant|MODIFIER|ERBB4|ENSG00000178568|transcript|ENST00000402597|protein_coding|5/27|c.622+5348A>C||||||,G|intron_variant|MODIFIER|ERBB4|ENSG00000178568|transcript|ENST00000484594|retained_intron|5/19|n.674+5348A>C||||||,G|intron_variant|MODIFIER|ERBB4|ENSG00000178568|transcript|ENST00000260943|protein_coding|5/18|c.619+5348A>C||||||WARNING_TRANSCRIPT_INCOMPLETE,G|intron_variant|MODIFIER|ERBB4|ENSG00000178568|transcript|ENST00000484474|processed_transcript|4/4|n.539+5348A>C||||||"
2:212611517,ERBB4,T,C,0.0001726,3.32,T,C,1.70179e-06,0.289392,0.43720299999999995,0.183548,,,,,C,T,"PR;ANN=T|downstream_gene_variant|MODIFIER|ERBB4|ENSG00000178568|transcript|ENST00000435846|protein_coding||c.*3907G>A|||||3907|WARNING_TRANSCRIPT_INCOMPLETE,T|intron_variant|MODIFIER|ERBB4|ENSG00000178568|transcript|ENST00000342788|protein_coding|5/27|c.622+3847G>A||||||,T|intron_variant|MODIFIER|ERBB4|ENSG00000178568|transcript|ENST00000436443|protein_coding|5/26|c.622+3847G>A||||||,T|intron_variant|MODIFIER|ERBB4|ENSG00000178568|transcript|ENST00000402597|protein_coding|5/27|c.622+3847G>A||||||,T|intron_variant|MODIFIER|ERBB4|ENSG00000178568|transcript|ENST00000484594|retained_intron|5/19|n.674+3847G>A||||||,T|intron_variant|MODIFIER|ERBB4|ENSG00000178568|transcript|ENST00000260943|protein_coding|5/18|c.619+3847G>A||||||WARNING_TRANSCRIPT_INCOMPLETE,T|intron_variant|MODIFIER|ERBB4|ENSG00000178568|transcript|ENST00000484474|processed_transcript|4/4|n.539+3847G>A||||||"
2:212625600,ERBB4,T,A,0.0002019,3.319,T,A,2.43115e-06,0.285906,0.42989099999999997,0.177353,,,,,A,T,"PR;ANN=T|sequence_feature|LOW|ERBB4|ENSG00000178568|compositionally-biased-region:Cys-rich|ENST00000342788|protein_coding|4/27|c.557-10171T>A||||||,T|sequence_feature|LOW|ERBB4|ENSG00000178568|compositionally-biased-region:Cys-rich|ENST00000436443|protein_coding|4/26|c.557-10171T>A||||||,T|intron_variant|MODIFIER|ERBB4|ENSG00000178568|transcript|ENST00000342788|protein_coding|4/27|c.557-10171T>A||||||,T|intron_variant|MODIFIER|ERBB4|ENSG00000178568|transcript|ENST00000436443|protein_coding|4/26|c.557-10171T>A||||||,T|intron_variant|MODIFIER|ERBB4|ENSG00000178568|transcript|ENST00000402597|protein_coding|4/27|c.557-10171T>A||||||,T|intron_variant|MODIFIER|ERBB4|ENSG00000178568|transcript|ENST00000484594|retained_intron|4/19|n.609-10171T>A||||||,T|intron_variant|MODIFIER|ERBB4|ENSG00000178568|transcript|ENST00000260943|protein_coding|4/18|c.554-10171T>A||||||WARNING_TRANSCRIPT_INCOMPLETE,T|intron_variant|MODIFIER|ERBB4|ENSG00000178568|transcript|ENST00000484474|processed_transcript|3/4|n.474-10171T>A||||||,T|intron_variant|MODIFIER|ERBB4|ENSG00000178568|transcript|ENST00000435846|protein_coding|4/4|c.380-10171T>A||||||WARNING_TRANSCRIPT_INCOMPLETE"
13:61937566,MIR3169-PCDH20,T,A,0.0002049,0.18,T,A,8.03177e-06,3.72985,0.09443939999999999,0.280047,,,,,A,T,PR;ANN=T|intergenic_region|MODIFIER|MIR3169-PCDH20|ENSG00000266663-ENSG00000197991|intergenic_region|ENSG00000266663-ENSG00000197991|||n.61937566A>T||||||
13:61928718,MIR3169-PCDH20,T,C,0.0002049,0.18,T,C,6.77816e-06,3.7966,0.09319789999999999,0.28068000000000004,,,,,C,T,PR;ANN=T|intergenic_region|MODIFIER|MIR3169-PCDH20|ENSG00000266663-ENSG00000197991|intergenic_region|ENSG00000266663-ENSG00000197991|||n.61928718C>T||||||
13:61940599,MIR3169-PCDH20,A,G,0.0002049,0.18,A,G,8.69247e-06,3.70212,0.0949563,0.279758,,,,,G,A,PR;ANN=A|intergenic_region|MODIFIER|MIR3169-PCDH20|ENSG00000266663-ENSG00000197991|intergenic_region|ENSG00000266663-ENSG00000197991|||n.61940599G>A||||||
13:61924911,MIR3169-PCDH20,C,G,0.0002049,0.18,C,G,5.94193e-06,3.8409699999999996,0.09239560000000001,0.281102,,,,,G,C,PR;ANN=C|intergenic_region|MODIFIER|MIR3169-PCDH20|ENSG00000266663-ENSG00000197991|intergenic_region|ENSG00000266663-ENSG00000197991|||n.61924911G>C||||||
13:61936329,MIR3169-PCDH20,A,G,0.0002049,0.18,A,G,7.859439999999999e-06,3.7387300000000003,0.0942692,0.280125,,,,,G,A,PR;ANN=A|intergenic_region|MODIFIER|MIR3169-PCDH20|ENSG00000266663-ENSG00000197991|intergenic_region|ENSG00000266663-ENSG00000197991|||n.61936329G>A||||||
13:61930925,MIR3169-PCDH20,G,C,0.0002049,0.18,G,C,7.0566699999999985e-06,3.77995,0.0934947,0.2805,,,,,C,G,PR;ANN=G|intergenic_region|MODIFIER|MIR3169-PCDH20|ENSG00000266663-ENSG00000197991|intergenic_region|ENSG00000266663-ENSG00000197991|||n.61930925C>G||||||
13:61942530,MIR3169-PCDH20,C,G,0.0002049,0.18,C,G,9.18769e-06,3.68364,0.0952966,0.279547,,,,,G,C,PR;ANN=C|intergenic_region|MODIFIER|MIR3169-PCDH20|ENSG00000266663-ENSG00000197991|intergenic_region|ENSG00000266663-ENSG00000197991|||n.61942530G>C||||||
13:61938805,MIR3169-PCDH20,A,T,0.0002049,0.18,A,T,8.32567e-06,3.71639,0.0947086,0.279952,,,,,T,A,PR;ANN=A|intergenic_region|MODIFIER|MIR3169-PCDH20|ENSG00000266663-ENSG00000197991|intergenic_region|ENSG00000266663-ENSG00000197991|||n.61938805T>A||||||
13:61925216,MIR3169-PCDH20,G,A,0.0002049,0.18,G,A,6.23516e-06,3.8281400000000003,0.09263760000000001,0.281008,,,,,A,G,PR;ANN=G|intergenic_region|MODIFIER|MIR3169-PCDH20|ENSG00000266663-ENSG00000197991|intergenic_region|ENSG00000266663-ENSG00000197991|||n.61925216A>G||||||
13:61935461,MIR3169-PCDH20,C,T,0.0002049,0.18,C,T,7.650430000000001e-06,3.74824,0.09409889999999999,0.280235,,,,,T,C,PR;ANN=C|intergenic_region|MODIFIER|MIR3169-PCDH20|ENSG00000266663-ENSG00000197991|intergenic_region|ENSG00000266663-ENSG00000197991|||n.61935461T>C||||||
13:61935571,MIR3169-PCDH20,A,G,0.0002049,0.18,A,G,7.69578e-06,3.74641,0.09413049999999999,0.280211,,,,,G,A,PR;ANN=A|intergenic_region|MODIFIER|MIR3169-PCDH20|ENSG00000266663-ENSG00000197991|intergenic_region|ENSG00000266663-ENSG00000197991|||n.61935571G>A||||||
13:61943985,MIR3169-PCDH20,A,G,0.0002049,0.18,A,G,9.43471e-06,3.6753,0.0954453,0.279437,,,,,G,A,PR;ANN=A|intergenic_region|MODIFIER|MIR3169-PCDH20|ENSG00000266663-ENSG00000197991|intergenic_region|ENSG00000266663-ENSG00000197991|||n.61943985G>A||||||
13:61933250,MIR3169-PCDH20,A,C,0.0002049,0.18,A,C,7.3554600000000016e-06,3.76401,0.093791,0.280352,,,,,C,A,PR;ANN=A|intergenic_region|MODIFIER|MIR3169-PCDH20|ENSG00000266663-ENSG00000197991|intergenic_region|ENSG00000266663-ENSG00000197991|||n.61933250C>A||||||
13:61925141,MIR3169-PCDH20,T,C,0.0002049,0.18,T,C,6.0473699999999995e-06,3.8366,0.09247810000000001,0.28107,,,,,C,T,PR;ANN=T|intergenic_region|MODIFIER|MIR3169-PCDH20|ENSG00000266663-ENSG00000197991|intergenic_region|ENSG00000266663-ENSG00000197991|||n.61925141C>T||||||
13:61942439,MIR3169-PCDH20,G,A,0.0002049,0.18,G,A,9.16482e-06,3.68471,0.0952748,0.27955399999999997,,,,,A,G,PR;ANN=G|intergenic_region|MODIFIER|MIR3169-PCDH20|ENSG00000266663-ENSG00000197991|intergenic_region|ENSG00000266663-ENSG00000197991|||n.61942439A>G||||||
2:212605509,ERBB4,A,G,0.0003542,3.145,A,G,2.10092e-06,0.292543,0.43566499999999997,0.18423499999999998,,,,,G,A,"PR;ANN=A|intron_variant|MODIFIER|ERBB4|ENSG00000178568|transcript|ENST00000342788|protein_coding|5/27|c.622+9855C>T||||||,A|intron_variant|MODIFIER|ERBB4|ENSG00000178568|transcript|ENST00000436443|protein_coding|5/26|c.622+9855C>T||||||,A|intron_variant|MODIFIER|ERBB4|ENSG00000178568|transcript|ENST00000402597|protein_coding|5/27|c.622+9855C>T||||||,A|intron_variant|MODIFIER|ERBB4|ENSG00000178568|transcript|ENST00000484594|retained_intron|5/19|n.674+9855C>T||||||,A|intron_variant|MODIFIER|ERBB4|ENSG00000178568|transcript|ENST00000260943|protein_coding|5/18|c.619+9855C>T||||||WARNING_TRANSCRIPT_INCOMPLETE,A|intron_variant|MODIFIER|ERBB4|ENSG00000178568|transcript|ENST00000484474|processed_transcript|4/4|n.539+9855C>T||||||"
2:212604921,ERBB4,A,G,0.0003542,3.145,A,G,2.0125299999999998e-06,0.291317,0.435699,0.183625,,,,,G,A,"PR;ANN=A|intron_variant|MODIFIER|ERBB4|ENSG00000178568|transcript|ENST00000342788|protein_coding|5/27|c.622+10443C>T||||||,A|intron_variant|MODIFIER|ERBB4|ENSG00000178568|transcript|ENST00000436443|protein_coding|5/26|c.622+10443C>T||||||,A|intron_variant|MODIFIER|ERBB4|ENSG00000178568|transcript|ENST00000402597|protein_coding|5/27|c.622+10443C>T||||||,A|intron_variant|MODIFIER|ERBB4|ENSG00000178568|transcript|ENST00000484594|retained_intron|5/19|n.674+10443C>T||||||,A|intron_variant|MODIFIER|ERBB4|ENSG00000178568|transcript|ENST00000260943|protein_coding|5/18|c.619+10443C>T||||||WARNING_TRANSCRIPT_INCOMPLETE,A|intron_variant|MODIFIER|ERBB4|ENSG00000178568|transcript|ENST00000484474|processed_transcript|4/4|n.539+10443C>T||||||"
2:212605856,ERBB4,G,A,0.0003542,3.145,G,A,2.11182e-06,0.292864,0.435842,0.184508,,,,,A,G,"PR;ANN=G|intron_variant|MODIFIER|ERBB4|ENSG00000178568|transcript|ENST00000342788|protein_coding|5/27|c.622+9508T>C||||||,G|intron_variant|MODIFIER|ERBB4|ENSG00000178568|transcript|ENST00000436443|protein_coding|5/26|c.622+9508T>C||||||,G|intron_variant|MODIFIER|ERBB4|ENSG00000178568|transcript|ENST00000402597|protein_coding|5/27|c.622+9508T>C||||||,G|intron_variant|MODIFIER|ERBB4|ENSG00000178568|transcript|ENST00000484594|retained_intron|5/19|n.674+9508T>C||||||,G|intron_variant|MODIFIER|ERBB4|ENSG00000178568|transcript|ENST00000260943|protein_coding|5/18|c.619+9508T>C||||||WARNING_TRANSCRIPT_INCOMPLETE,G|intron_variant|MODIFIER|ERBB4|ENSG00000178568|transcript|ENST00000484474|processed_transcript|4/4|n.539+9508T>C||||||"
2:212604287,ERBB4,A,C,0.0003542,3.145,A,C,1.99743e-06,0.291231,0.435721,0.183594,,,,,C,A,"PR;ANN=A|intron_variant|MODIFIER|ERBB4|ENSG00000178568|transcript|ENST00000342788|protein_coding|5/27|c.622+11077G>T||||||,A|intron_variant|MODIFIER|ERBB4|ENSG00000178568|transcript|ENST00000436443|protein_coding|5/26|c.622+11077G>T||||||,A|intron_variant|MODIFIER|ERBB4|ENSG00000178568|transcript|ENST00000402597|protein_coding|5/27|c.622+11077G>T||||||,A|intron_variant|MODIFIER|ERBB4|ENSG00000178568|transcript|ENST00000484594|retained_intron|5/19|n.674+11077G>T||||||,A|intron_variant|MODIFIER|ERBB4|ENSG00000178568|transcript|ENST00000260943|protein_coding|5/18|c.619+11077G>T||||||WARNING_TRANSCRIPT_INCOMPLETE,A|intron_variant|MODIFIER|ERBB4|ENSG00000178568|transcript|ENST00000484474|processed_transcript|4/4|n.539+11077G>T||||||"
3:12420575,PPARG,A,G,0.00041470000000000016,0.3355,G,A,8.45904e-06,0.345511,0.268642,0.515297,,,,,G,A,"PR;ANN=A|upstream_gene_variant|MODIFIER|PPARG|ENSG00000132170|transcript|ENST00000396999|nonsense_mediated_decay||c.-630G>A|||||630|,A|intron_variant|MODIFIER|PPARG|ENSG00000132170|transcript|ENST00000287820|protein_coding|1/6|c.83-628G>A||||||,A|intron_variant|MODIFIER|PPARG|ENSG00000132170|transcript|ENST00000397010|protein_coding|2/7|c.-2-628G>A||||||,A|intron_variant|MODIFIER|PPARG|ENSG00000132170|transcript|ENST00000397029|protein_coding|1/2|c.-2-628G>A||||||WARNING_TRANSCRIPT_NO_STOP_CODON,A|intron_variant|MODIFIER|PPARG|ENSG00000132170|transcript|ENST00000309576|protein_coding|2/7|c.-2-628G>A||||||,A|intron_variant|MODIFIER|PPARG|ENSG00000132170|transcript|ENST00000397015|protein_coding|1/6|c.-2-628G>A||||||,A|intron_variant|MODIFIER|PPARG|ENSG00000132170|transcript|ENST00000455517|protein_coding|1/1|c.-2-628G>A||||||WARNING_TRANSCRIPT_NO_STOP_CODON,A|intron_variant|MODIFIER|PPARG|ENSG00000132170|transcript|ENST00000397012|protein_coding|2/7|c.-2-628G>A||||||,A|intron_variant|MODIFIER|PPARG|ENSG00000132170|transcript|ENST00000397026|protein_coding|3/8|c.17-628G>A||||||,A|intron_variant|MODIFIER|PPARG|ENSG00000132170|transcript|ENST00000497594|retained_intron|2/5|n.99-628G>A||||||,A|intron_variant|MODIFIER|PPARG|ENSG00000132170|transcript|ENST00000438682|protein_coding|2/3|c.-2-628G>A||||||WARNING_TRANSCRIPT_NO_STOP_CODON,A|intron_variant|MODIFIER|PPARG|ENSG00000132170|transcript|ENST00000397000|protein_coding|1/5|c.-2-628G>A||||||,A|intron_variant|MODIFIER|PPARG|ENSG00000132170|transcript|ENST00000539812|protein_coding|1/5|c.-8-628G>A||||||,A|intron_variant|MODIFIER|PPARG|ENSG00000132170|transcript|ENST00000477039|retained_intron|1/4|n.204-628G>A||||||,A|intron_variant|MODIFIER|PPARG|ENSG00000132170|transcript|ENST00000397023|nonsense_mediated_decay|2/7|c.*221-628G>A||||||"
3:12429468,PPARG,G,A,0.00041470000000000016,0.3355,A,G,8.8858e-06,0.346035,0.269198,0.515625,,,,,A,G,"PR;ANN=G|intron_variant|MODIFIER|PPARG|ENSG00000132170|transcript|ENST00000287820|protein_coding|3/6|c.481-4645A>G||||||,G|intron_variant|MODIFIER|PPARG|ENSG00000132170|transcript|ENST00000397010|protein_coding|4/7|c.397-4645A>G||||||,G|intron_variant|MODIFIER|PPARG|ENSG00000132170|transcript|ENST00000309576|protein_coding|4/7|c.397-4645A>G||||||,G|intron_variant|MODIFIER|PPARG|ENSG00000132170|transcript|ENST00000397015|protein_coding|3/6|c.397-4645A>G||||||,G|intron_variant|MODIFIER|PPARG|ENSG00000132170|transcript|ENST00000397012|protein_coding|4/7|c.397-4645A>G||||||,G|intron_variant|MODIFIER|PPARG|ENSG00000132170|transcript|ENST00000397026|protein_coding|5/8|c.415-4645A>G||||||,G|intron_variant|MODIFIER|PPARG|ENSG00000132170|transcript|ENST00000497594|retained_intron|4/5|n.497-4645A>G||||||,G|intron_variant|MODIFIER|PPARG|ENSG00000132170|transcript|ENST00000397000|protein_coding|3/5|c.397-4645A>G||||||,G|intron_variant|MODIFIER|PPARG|ENSG00000132170|transcript|ENST00000539812|protein_coding|3/5|c.391-4645A>G||||||,G|intron_variant|MODIFIER|PPARG|ENSG00000132170|transcript|ENST00000477039|retained_intron|3/4|n.602-4645A>G||||||,G|intron_variant|MODIFIER|PPARG|ENSG00000132170|transcript|ENST00000397023|nonsense_mediated_decay|4/7|c.*619-4645A>G||||||,G|intron_variant|MODIFIER|PPARG|ENSG00000132170|transcript|ENST00000396999|nonsense_mediated_decay|2/5|c.397-4645A>G||||||"
3:12439387,PPARG,C,T,0.0006106,0.3462,T,C,9.58698e-06,0.348501,0.26374200000000003,0.506875,,,,,T,C,"PR;ANN=C|intron_variant|MODIFIER|PPARG|ENSG00000132170|transcript|ENST00000287820|protein_coding|4/6|c.619+5136T>C||||||,C|intron_variant|MODIFIER|PPARG|ENSG00000132170|transcript|ENST00000397010|protein_coding|5/7|c.535+5136T>C||||||,C|intron_variant|MODIFIER|PPARG|ENSG00000132170|transcript|ENST00000309576|protein_coding|5/7|c.535+5136T>C||||||,C|intron_variant|MODIFIER|PPARG|ENSG00000132170|transcript|ENST00000397015|protein_coding|4/6|c.535+5136T>C||||||,C|intron_variant|MODIFIER|PPARG|ENSG00000132170|transcript|ENST00000397012|protein_coding|5/7|c.535+5136T>C||||||,C|intron_variant|MODIFIER|PPARG|ENSG00000132170|transcript|ENST00000397026|protein_coding|6/8|c.553+5136T>C||||||,C|intron_variant|MODIFIER|PPARG|ENSG00000132170|transcript|ENST00000497594|retained_intron|5/5|n.635+5136T>C||||||,C|intron_variant|MODIFIER|PPARG|ENSG00000132170|transcript|ENST00000397000|protein_coding|4/5|c.535+5136T>C||||||,C|intron_variant|MODIFIER|PPARG|ENSG00000132170|transcript|ENST00000539812|protein_coding|4/5|c.529+5136T>C||||||,C|intron_variant|MODIFIER|PPARG|ENSG00000132170|transcript|ENST00000477039|retained_intron|4/4|n.740+5136T>C||||||,C|intron_variant|MODIFIER|PPARG|ENSG00000132170|transcript|ENST00000397023|nonsense_mediated_decay|5/7|c.*757+5136T>C||||||,C|intron_variant|MODIFIER|PPARG|ENSG00000132170|transcript|ENST00000396999|nonsense_mediated_decay|3/5|c.536-1460T>C||||||"
3:12431568,PPARG,G,A,0.0006106,0.3462,A,G,9.38014e-06,0.347513,0.263907,0.507797,,,,,A,G,"PR;ANN=G|intron_variant|MODIFIER|PPARG|ENSG00000132170|transcript|ENST00000287820|protein_coding|3/6|c.481-2545A>G||||||,G|intron_variant|MODIFIER|PPARG|ENSG00000132170|transcript|ENST00000397010|protein_coding|4/7|c.397-2545A>G||||||,G|intron_variant|MODIFIER|PPARG|ENSG00000132170|transcript|ENST00000309576|protein_coding|4/7|c.397-2545A>G||||||,G|intron_variant|MODIFIER|PPARG|ENSG00000132170|transcript|ENST00000397015|protein_coding|3/6|c.397-2545A>G||||||,G|intron_variant|MODIFIER|PPARG|ENSG00000132170|transcript|ENST00000397012|protein_coding|4/7|c.397-2545A>G||||||,G|intron_variant|MODIFIER|PPARG|ENSG00000132170|transcript|ENST00000397026|protein_coding|5/8|c.415-2545A>G||||||,G|intron_variant|MODIFIER|PPARG|ENSG00000132170|transcript|ENST00000497594|retained_intron|4/5|n.497-2545A>G||||||,G|intron_variant|MODIFIER|PPARG|ENSG00000132170|transcript|ENST00000397000|protein_coding|3/5|c.397-2545A>G||||||,G|intron_variant|MODIFIER|PPARG|ENSG00000132170|transcript|ENST00000539812|protein_coding|3/5|c.391-2545A>G||||||,G|intron_variant|MODIFIER|PPARG|ENSG00000132170|transcript|ENST00000477039|retained_intron|3/4|n.602-2545A>G||||||,G|intron_variant|MODIFIER|PPARG|ENSG00000132170|transcript|ENST00000397023|nonsense_mediated_decay|4/7|c.*619-2545A>G||||||,G|intron_variant|MODIFIER|PPARG|ENSG00000132170|transcript|ENST00000396999|nonsense_mediated_decay|2/5|c.397-2545A>G||||||"
3:12430075,PPARG,T,C,0.0006106,0.3462,C,T,9.30939e-06,0.347375,0.263829,0.507797,,,,,C,T,"PR;ANN=T|intron_variant|MODIFIER|PPARG|ENSG00000132170|transcript|ENST00000287820|protein_coding|3/6|c.481-4038C>T||||||,T|intron_variant|MODIFIER|PPARG|ENSG00000132170|transcript|ENST00000397010|protein_coding|4/7|c.397-4038C>T||||||,T|intron_variant|MODIFIER|PPARG|ENSG00000132170|transcript|ENST00000309576|protein_coding|4/7|c.397-4038C>T||||||,T|intron_variant|MODIFIER|PPARG|ENSG00000132170|transcript|ENST00000397015|protein_coding|3/6|c.397-4038C>T||||||,T|intron_variant|MODIFIER|PPARG|ENSG00000132170|transcript|ENST00000397012|protein_coding|4/7|c.397-4038C>T||||||,T|intron_variant|MODIFIER|PPARG|ENSG00000132170|transcript|ENST00000397026|protein_coding|5/8|c.415-4038C>T||||||,T|intron_variant|MODIFIER|PPARG|ENSG00000132170|transcript|ENST00000497594|retained_intron|4/5|n.497-4038C>T||||||,T|intron_variant|MODIFIER|PPARG|ENSG00000132170|transcript|ENST00000397000|protein_coding|3/5|c.397-4038C>T||||||,T|intron_variant|MODIFIER|PPARG|ENSG00000132170|transcript|ENST00000539812|protein_coding|3/5|c.391-4038C>T||||||,T|intron_variant|MODIFIER|PPARG|ENSG00000132170|transcript|ENST00000477039|retained_intron|3/4|n.602-4038C>T||||||,T|intron_variant|MODIFIER|PPARG|ENSG00000132170|transcript|ENST00000397023|nonsense_mediated_decay|4/7|c.*619-4038C>T||||||,T|intron_variant|MODIFIER|PPARG|ENSG00000132170|transcript|ENST00000396999|nonsense_mediated_decay|2/5|c.397-4038C>T||||||"
7:30955123,AQP1,A,G,0.0006594,0.2027,A,G,4.65807e-06,4.17859,0.0770715,0.258679,,,,,G,A,"PR;ANN=A|intron_variant|MODIFIER|AQP1|ENSG00000240583|transcript|ENST00000434909|protein_coding|7/9|c.564+3215G>A||||||,A|intron_variant|MODIFIER|AQP1|ENSG00000250424|transcript|ENST00000509504|protein_coding|7/9|c.915+3215G>A||||||WARNING_TRANSCRIPT_NO_START_CODON,A|intron_variant|MODIFIER|AQP1|ENSG00000240583|transcript|ENST00000311813|protein_coding|1/3|c.384+3215G>A||||||,A|intron_variant|MODIFIER|AQP1|ENSG00000240583|transcript|ENST00000482461|processed_transcript|1/3|n.101+2117G>A||||||"
7:30955117,AQP1,G,A,0.0006594,0.2027,G,A,4.62703e-06,4.1786900000000005,0.0770497,0.258625,,,,,A,G,"PR;ANN=G|intron_variant|MODIFIER|AQP1|ENSG00000240583|transcript|ENST00000434909|protein_coding|7/9|c.564+3209A>G||||||,G|intron_variant|MODIFIER|AQP1|ENSG00000250424|transcript|ENST00000509504|protein_coding|7/9|c.915+3209A>G||||||WARNING_TRANSCRIPT_NO_START_CODON,G|intron_variant|MODIFIER|AQP1|ENSG00000240583|transcript|ENST00000311813|protein_coding|1/3|c.384+3209A>G||||||,G|intron_variant|MODIFIER|AQP1|ENSG00000240583|transcript|ENST00000482461|processed_transcript|1/3|n.101+2111A>G||||||"
4:70320578,RP11-790I12.4,C,T,0.0007416,0.2588,C,T,5.96885e-06,3.68771,0.10989000000000004,0.312844,,,,,T,C,"PR;ANN=C|downstream_gene_variant|MODIFIER|RP11-790I12.4|ENSG00000249686|transcript|ENST00000510750|unprocessed_pseudogene||n.*3247T>C|||||3247|,C|intergenic_region|MODIFIER|RP11-790I12.4-AC108078.1|ENSG00000249686-ENSG00000264696|intergenic_region|ENSG00000249686-ENSG00000264696|||n.70320578T>C||||||"
3:151391364,RP11-454C18.1-AADACL2,C,T,0.0008445999999999999,0.1171,C,T,5.7690599999999984e-06,5.5694099999999995,0.0396318,0.186882,,,,,T,C,PR;ANN=C|intergenic_region|MODIFIER|RP11-454C18.1-AADACL2|ENSG00000241151-ENSG00000197953|intergenic_region|ENSG00000241151-ENSG00000197953|||n.151391364T>C||||||
3:151390439,RP11-454C18.1-AADACL2,T,C,0.0008445999999999999,0.1171,T,C,5.70166e-06,5.58127,0.039554900000000004,0.186899,,,,,C,T,PR;ANN=T|intergenic_region|MODIFIER|RP11-454C18.1-AADACL2|ENSG00000241151-ENSG00000197953|intergenic_region|ENSG00000241151-ENSG00000197953|||n.151390439C>T||||||
3:26685397,LRRC3B,G,T,0.001225,2.588,T,G,7.24299e-06,2.75706,0.39366999999999996,0.641586,,,,,G,T,"PR;ANN=T|intron_variant|MODIFIER|LRRC3B|ENSG00000179796|transcript|ENST00000396641|protein_coding|1/1|c.-161+20669G>T||||||,T|intron_variant|MODIFIER|LRRC3B|ENSG00000179796|transcript|ENST00000414619|protein_coding|1/1|c.-161+20042G>T||||||WARNING_TRANSCRIPT_INCOMPLETE,T|intron_variant|MODIFIER|LRRC3B|ENSG00000179796|transcript|ENST00000432040|protein_coding|1/1|c.-161+19548G>T||||||WARNING_TRANSCRIPT_NO_STOP_CODON,T|intron_variant|MODIFIER|LRRC3B|ENSG00000179796|transcript|ENST00000417744|protein_coding|2/2|c.-161+18395G>T||||||,T|intron_variant|MODIFIER|LRRC3B|ENSG00000179796|transcript|ENST00000469437|processed_transcript|1/1|n.834+18395G>T||||||"
6:153767740,RNA5SP225-RP11-331O9.1,G,C,0.001955,0.3231,G,C,8.16995e-06,3.6303,0.126094,0.34375,,,,,C,G,PR;ANN=G|intergenic_region|MODIFIER|RNA5SP225-RP11-331O9.1|ENSG00000222806-ENSG00000217160|intergenic_region|ENSG00000222806-ENSG00000217160|||n.153767740C>G||||||
6:153773104,RNA5SP225-RP11-331O9.1,T,A,0.001955,0.3231,T,A,9.822180000000001e-06,3.6083300000000014,0.126577,0.34336700000000003,,,,,A,T,PR;ANN=T|intergenic_region|MODIFIER|RNA5SP225-RP11-331O9.1|ENSG00000222806-ENSG00000217160|intergenic_region|ENSG00000222806-ENSG00000217160|||n.153773104A>T||||||
6:153770194,RNA5SP225-RP11-331O9.1,A,G,0.001955,0.3231,A,G,9.030650000000001e-06,3.62791,0.126159,0.34373400000000004,,,,,G,A,PR;ANN=A|intergenic_region|MODIFIER|RNA5SP225-RP11-331O9.1|ENSG00000222806-ENSG00000217160|intergenic_region|ENSG00000222806-ENSG00000217160|||n.153770194G>A||||||
6:153769973,RNA5SP225-RP11-331O9.1,C,A,0.001955,0.3231,C,A,8.944689999999999e-06,3.6292199999999997,0.126104,0.34370300000000004,,,,,A,C,PR;ANN=C|intergenic_region|MODIFIER|RNA5SP225-RP11-331O9.1|ENSG00000222806-ENSG00000217160|intergenic_region|ENSG00000222806-ENSG00000217160|||n.153769973A>C||||||
6:153773142,RNA5SP225-RP11-331O9.1,G,T,0.001955,0.3231,G,T,9.838619999999999e-06,3.6080300000000003,0.126582,0.343359,,,,,T,G,PR;ANN=G|intergenic_region|MODIFIER|RNA5SP225-RP11-331O9.1|ENSG00000222806-ENSG00000217160|intergenic_region|ENSG00000222806-ENSG00000217160|||n.153773142T>G||||||
6:153773476,RNA5SP225-RP11-331O9.1,G,A,0.001955,0.3231,G,A,9.74475e-06,3.61061,0.126473,0.34329699999999996,,,,,A,G,PR;ANN=G|intergenic_region|MODIFIER|RNA5SP225-RP11-331O9.1|ENSG00000222806-ENSG00000217160|intergenic_region|ENSG00000222806-ENSG00000217160|||n.153773476A>G||||||
6:153761372,RNA5SP225-RP11-331O9.1,C,T,0.001955,0.3231,C,T,6.434180000000001e-06,3.63195,0.126094,0.343851,,,,,T,C,PR;ANN=C|intergenic_region|MODIFIER|RNA5SP225-RP11-331O9.1|ENSG00000222806-ENSG00000217160|intergenic_region|ENSG00000222806-ENSG00000217160|||n.153761372T>C||||||
6:153768939,RNA5SP225-RP11-331O9.1,G,T,0.001955,0.3231,G,T,8.5929e-06,3.63038,0.126077,0.343719,,,,,T,G,PR;ANN=G|intergenic_region|MODIFIER|RNA5SP225-RP11-331O9.1|ENSG00000222806-ENSG00000217160|intergenic_region|ENSG00000222806-ENSG00000217160|||n.153768939T>G||||||
6:153761144,RNA5SP225-RP11-331O9.1,A,G,0.001955,0.3231,A,G,6.375419999999999e-06,3.6325,0.12606199999999998,0.34381999999999996,,,,,G,A,PR;ANN=A|intergenic_region|MODIFIER|RNA5SP225-RP11-331O9.1|ENSG00000222806-ENSG00000217160|intergenic_region|ENSG00000222806-ENSG00000217160|||n.153761144G>A||||||
6:153771164,RNA5SP225-RP11-331O9.1,C,T,0.001955,0.3231,C,T,9.24027e-06,3.62322,0.126302,0.34373400000000004,,,,,T,C,PR;ANN=C|intergenic_region|MODIFIER|RNA5SP225-RP11-331O9.1|ENSG00000222806-ENSG00000217160|intergenic_region|ENSG00000222806-ENSG00000217160|||n.153771164T>C||||||
6:153773688,RNA5SP225-RP11-331O9.1,A,G,0.001955,0.3231,A,G,9.96353e-06,3.60491,0.126632,0.34326599999999996,,,,,G,A,PR;ANN=A|intergenic_region|MODIFIER|RNA5SP225-RP11-331O9.1|ENSG00000222806-ENSG00000217160|intergenic_region|ENSG00000222806-ENSG00000217160|||n.153773688G>A||||||
6:153767219,RNA5SP225-RP11-331O9.1,T,C,0.001955,0.3231,T,C,8.06267e-06,3.6289800000000003,0.126138,0.343758,,,,,C,T,PR;ANN=T|intergenic_region|MODIFIER|RNA5SP225-RP11-331O9.1|ENSG00000222806-ENSG00000217160|intergenic_region|ENSG00000222806-ENSG00000217160|||n.153767219C>T||||||
6:153771306,RNA5SP225-RP11-331O9.1,G,A,0.001955,0.3231,G,A,9.27623e-06,3.6223099999999997,0.12633,0.34373400000000004,,,,,A,G,PR;ANN=G|intergenic_region|MODIFIER|RNA5SP225-RP11-331O9.1|ENSG00000222806-ENSG00000217160|intergenic_region|ENSG00000222806-ENSG00000217160|||n.153771306A>G||||||
6:153764519,RNA5SP225-RP11-331O9.1,A,G,0.001955,0.3231,A,G,7.313389999999999e-06,3.62926,0.126126,0.34375,,,,,G,A,PR;ANN=A|intergenic_region|MODIFIER|RNA5SP225-RP11-331O9.1|ENSG00000222806-ENSG00000217160|intergenic_region|ENSG00000222806-ENSG00000217160|||n.153764519G>A||||||
6:153771612,RNA5SP225-RP11-331O9.1,T,C,0.001955,0.3231,T,C,9.3438e-06,3.6208099999999996,0.126379,0.343742,,,,,C,T,PR;ANN=T|intergenic_region|MODIFIER|RNA5SP225-RP11-331O9.1|ENSG00000222806-ENSG00000217160|intergenic_region|ENSG00000222806-ENSG00000217160|||n.153771612C>T||||||
6:153771968,RNA5SP225-RP11-331O9.1,C,G,0.001955,0.3231,C,G,9.44181e-06,3.61812,0.126423,0.34366399999999997,,,,,G,C,PR;ANN=C|intergenic_region|MODIFIER|RNA5SP225-RP11-331O9.1|ENSG00000222806-ENSG00000217160|intergenic_region|ENSG00000222806-ENSG00000217160|||n.153771968G>C||||||
6:153766216,RNA5SP225-RP11-331O9.1,A,G,0.001955,0.3231,A,G,7.71727e-06,3.62908,0.126139,0.343765,,,,,G,A,PR;ANN=A|intergenic_region|MODIFIER|RNA5SP225-RP11-331O9.1|ENSG00000222806-ENSG00000217160|intergenic_region|ENSG00000222806-ENSG00000217160|||n.153766216G>A||||||
6:153772634,RNA5SP225-RP11-331O9.1,T,G,0.001955,0.3231,T,G,9.94967e-06,3.60515,0.126747,0.343516,,,,,G,T,PR;ANN=T|intergenic_region|MODIFIER|RNA5SP225-RP11-331O9.1|ENSG00000222806-ENSG00000217160|intergenic_region|ENSG00000222806-ENSG00000217160|||n.153772634G>T||||||
6:153766466,RNA5SP225-RP11-331O9.1,G,A,0.001955,0.3231,G,A,7.82312e-06,3.62845,0.126154,0.343758,,,,,A,G,PR;ANN=G|intergenic_region|MODIFIER|RNA5SP225-RP11-331O9.1|ENSG00000222806-ENSG00000217160|intergenic_region|ENSG00000222806-ENSG00000217160|||n.153766466A>G||||||
6:153768324,RNA5SP225-RP11-331O9.1,A,G,0.001955,0.3231,A,G,8.43033e-06,3.6304,0.126088,0.34374299999999997,,,,,G,A,PR;ANN=A|intergenic_region|MODIFIER|RNA5SP225-RP11-331O9.1|ENSG00000222806-ENSG00000217160|intergenic_region|ENSG00000222806-ENSG00000217160|||n.153768324G>A||||||
11:4854938,OR51A8P,C,T,0.001955,0.3231,C,T,3.1347300000000002e-06,3.65685,0.12600699999999998,0.345217,,,,,T,C,"PR;ANN=C|downstream_gene_variant|MODIFIER|OR51A8P|ENSG00000197984|transcript|ENST00000421277|unprocessed_pseudogene||n.*636T>C|||||636|,C|downstream_gene_variant|MODIFIER|OR51A8P|ENSG00000197984|transcript|ENST00000354690|pseudogene||n.*654T>C|||||654|,C|intron_variant|MODIFIER|MMP26|ENSG00000167346|transcript|ENST00000477339|processed_transcript|2/3|n.191+66367T>C||||||,C|intron_variant|MODIFIER|MMP26|ENSG00000167346|transcript|ENST00000380390|protein_coding|1/6|c.-145+66367T>C||||||"
6:153769467,RNA5SP225-RP11-331O9.1,A,G,0.001955,0.3231,A,G,8.79038e-06,3.6301,0.126093,0.34373400000000004,,,,,G,A,PR;ANN=A|intergenic_region|MODIFIER|RNA5SP225-RP11-331O9.1|ENSG00000222806-ENSG00000217160|intergenic_region|ENSG00000222806-ENSG00000217160|||n.153769467G>A||||||
6:153766537,RNA5SP225-RP11-331O9.1,G,A,0.001955,0.3231,G,A,7.86957e-06,3.62905,0.126144,0.34377399999999997,,,,,A,G,PR;ANN=G|intergenic_region|MODIFIER|RNA5SP225-RP11-331O9.1|ENSG00000222806-ENSG00000217160|intergenic_region|ENSG00000222806-ENSG00000217160|||n.153766537A>G||||||
11:4854876,OR51A8P,C,G,0.001955,0.3231,C,G,3.12276e-06,3.6589699999999996,0.12595599999999998,0.345242,,,,,G,C,"PR;ANN=C|downstream_gene_variant|MODIFIER|OR51A8P|ENSG00000197984|transcript|ENST00000421277|unprocessed_pseudogene||n.*574G>C|||||574|,C|downstream_gene_variant|MODIFIER|OR51A8P|ENSG00000197984|transcript|ENST00000354690|pseudogene||n.*592G>C|||||592|,C|intron_variant|MODIFIER|MMP26|ENSG00000167346|transcript|ENST00000477339|processed_transcript|2/3|n.191+66305G>C||||||,C|intron_variant|MODIFIER|MMP26|ENSG00000167346|transcript|ENST00000380390|protein_coding|1/6|c.-145+66305G>C||||||"
11:4850780,OR51A8P,A,T,0.001955,0.3231,A,T,2.8966399999999998e-06,3.7063300000000003,0.124901,0.345977,,,,,T,A,"PR;ANN=A|upstream_gene_variant|MODIFIER|OR51A8P|ENSG00000197984|transcript|ENST00000421277|unprocessed_pseudogene||n.-2583T>A|||||2583|,A|upstream_gene_variant|MODIFIER|OR51A8P|ENSG00000197984|transcript|ENST00000354690|pseudogene||n.-2619T>A|||||2619|,A|intron_variant|MODIFIER|MMP26|ENSG00000167346|transcript|ENST00000477339|processed_transcript|2/3|n.191+62209T>A||||||,A|intron_variant|MODIFIER|MMP26|ENSG00000167346|transcript|ENST00000380390|protein_coding|1/6|c.-145+62209T>A||||||"
11:4851355,OR51A8P,G,A,0.001955,0.3231,G,A,2.9377999999999996e-06,3.6962300000000003,0.12509,0.34575100000000003,,,,,A,G,"PR;ANN=G|upstream_gene_variant|MODIFIER|OR51A8P|ENSG00000197984|transcript|ENST00000421277|unprocessed_pseudogene||n.-2008A>G|||||2008|,G|upstream_gene_variant|MODIFIER|OR51A8P|ENSG00000197984|transcript|ENST00000354690|pseudogene||n.-2044A>G|||||2044|,G|intron_variant|MODIFIER|MMP26|ENSG00000167346|transcript|ENST00000477339|processed_transcript|2/3|n.191+62784A>G||||||,G|intron_variant|MODIFIER|MMP26|ENSG00000167346|transcript|ENST00000380390|protein_coding|1/6|c.-145+62784A>G||||||"
11:4851808,OR51A8P,C,T,0.001955,0.3231,C,T,2.9356900000000007e-06,3.6941300000000004,0.125175,0.34579699999999997,,,,,T,C,"PR;ANN=C|upstream_gene_variant|MODIFIER|OR51A8P|ENSG00000197984|transcript|ENST00000421277|unprocessed_pseudogene||n.-1555T>C|||||1555|,C|upstream_gene_variant|MODIFIER|OR51A8P|ENSG00000197984|transcript|ENST00000354690|pseudogene||n.-1591T>C|||||1591|,C|intron_variant|MODIFIER|MMP26|ENSG00000167346|transcript|ENST00000477339|processed_transcript|2/3|n.191+63237T>C||||||,C|intron_variant|MODIFIER|MMP26|ENSG00000167346|transcript|ENST00000380390|protein_coding|1/6|c.-145+63237T>C||||||"
6:153769874,RNA5SP225-RP11-331O9.1,T,C,0.001955,0.3231,T,C,8.87722e-06,3.63007,0.126082,0.343711,,,,,C,T,PR;ANN=T|intergenic_region|MODIFIER|RNA5SP225-RP11-331O9.1|ENSG00000222806-ENSG00000217160|intergenic_region|ENSG00000222806-ENSG00000217160|||n.153769874C>T||||||
11:4853072,OR51A8P,A,G,0.001955,0.3231,A,G,3.05493e-06,3.67055,0.125703,0.345437,,,,,G,A,"PR;ANN=A|upstream_gene_variant|MODIFIER|OR51A8P|ENSG00000197984|transcript|ENST00000421277|unprocessed_pseudogene||n.-291G>A|||||291|,A|upstream_gene_variant|MODIFIER|OR51A8P|ENSG00000197984|transcript|ENST00000354690|pseudogene||n.-327G>A|||||327|,A|intron_variant|MODIFIER|MMP26|ENSG00000167346|transcript|ENST00000477339|processed_transcript|2/3|n.191+64501G>A||||||,A|intron_variant|MODIFIER|MMP26|ENSG00000167346|transcript|ENST00000380390|protein_coding|1/6|c.-145+64501G>A||||||"
6:153768012,RNA5SP225-RP11-331O9.1,C,T,0.001955,0.3231,C,T,8.299310000000001e-06,3.63059,0.126082,0.343742,,,,,T,C,PR;ANN=C|intergenic_region|MODIFIER|RNA5SP225-RP11-331O9.1|ENSG00000222806-ENSG00000217160|intergenic_region|ENSG00000222806-ENSG00000217160|||n.153768012T>C||||||
11:4853288,OR51A8P,A,G,0.001955,0.3231,A,G,3.06108e-06,3.6693,0.125725,0.345406,,,,,G,A,"PR;ANN=A|upstream_gene_variant|MODIFIER|OR51A8P|ENSG00000197984|transcript|ENST00000421277|unprocessed_pseudogene||n.-75G>A|||||75|,A|upstream_gene_variant|MODIFIER|OR51A8P|ENSG00000197984|transcript|ENST00000354690|pseudogene||n.-111G>A|||||111|,A|intron_variant|MODIFIER|MMP26|ENSG00000167346|transcript|ENST00000477339|processed_transcript|2/3|n.191+64717G>A||||||,A|intron_variant|MODIFIER|MMP26|ENSG00000167346|transcript|ENST00000380390|protein_coding|1/6|c.-145+64717G>A||||||"
6:153768161,RNA5SP225-RP11-331O9.1,T,C,0.001955,0.3231,T,C,8.40638e-06,3.6291599999999997,0.126121,0.34373400000000004,,,,,C,T,PR;ANN=T|intergenic_region|MODIFIER|RNA5SP225-RP11-331O9.1|ENSG00000222806-ENSG00000217160|intergenic_region|ENSG00000222806-ENSG00000217160|||n.153768161C>T||||||
11:4830652,OR52R1,G,T,0.002614,0.3215,G,T,3.9982900000000005e-06,3.9528300000000014,0.107302,0.322094,,,,,T,G,"PR;ANN=G|upstream_gene_variant|MODIFIER|OR52R1|ENSG00000176937|transcript|ENST00000380382|protein_coding||c.-4805A>C|||||4805|,G|intron_variant|MODIFIER|MMP26|ENSG00000167346|transcript|ENST00000477339|processed_transcript|2/3|n.191+42081T>G||||||,G|intron_variant|MODIFIER|MMP26|ENSG00000167346|transcript|ENST00000380390|protein_coding|1/6|c.-145+42081T>G||||||"
11:4833131,MMP26,C,T,0.0027649999999999997,0.3345,C,T,2.9808499999999996e-06,3.9117300000000004,0.11565399999999999,0.338437,,,,,T,C,"PR;ANN=C|intron_variant|MODIFIER|MMP26|ENSG00000167346|transcript|ENST00000477339|processed_transcript|2/3|n.191+44560T>C||||||,C|intron_variant|MODIFIER|MMP26|ENSG00000167346|transcript|ENST00000380390|protein_coding|1/6|c.-145+44560T>C||||||"
11:4858197,OR51A8P,A,G,0.004029,0.358,A,G,3.37949e-06,3.6213699999999998,0.126863,0.344765,,,,,G,A,"PR;ANN=A|downstream_gene_variant|MODIFIER|OR51A8P|ENSG00000197984|transcript|ENST00000421277|unprocessed_pseudogene||n.*3895G>A|||||3895|,A|downstream_gene_variant|MODIFIER|OR51A8P|ENSG00000197984|transcript|ENST00000354690|pseudogene||n.*3913G>A|||||3913|,A|intron_variant|MODIFIER|MMP26|ENSG00000167346|transcript|ENST00000477339|processed_transcript|2/3|n.191+69626G>A||||||,A|intron_variant|MODIFIER|MMP26|ENSG00000167346|transcript|ENST00000380390|protein_coding|1/6|c.-145+69626G>A||||||"
8:24781739,NEFM-NEFL,A,G,0.0047799999999999995,0.2289,G,A,7.08175e-06,0.190227,0.0454232,0.200094,,,,,G,A,PR;ANN=A|intergenic_region|MODIFIER|NEFM-NEFL|ENSG00000104722-ENSG00000104725|intergenic_region|ENSG00000104722-ENSG00000104725|||n.24781739G>A||||||
8:24783838,NEFM-NEFL,A,T,0.0047799999999999995,0.2289,T,A,7.83735e-06,0.190154,0.0451319,0.199078,,,,,T,A,PR;ANN=A|intergenic_region|MODIFIER|NEFM-NEFL|ENSG00000104722-ENSG00000104725|intergenic_region|ENSG00000104722-ENSG00000104725|||n.24783838T>A||||||
8:24783980,NEFM-NEFL,C,T,0.0047799999999999995,0.2289,T,C,7.9204e-06,0.189936,0.0450549,0.198977,,,,,T,C,PR;ANN=C|intergenic_region|MODIFIER|NEFM-NEFL|ENSG00000104722-ENSG00000104725|intergenic_region|ENSG00000104722-ENSG00000104725|||n.24783980T>C||||||
8:24784222,NEFM-NEFL,C,T,0.0047799999999999995,0.2289,T,C,8.010839999999999e-06,0.189888,0.0450166,0.198875,,,,,T,C,PR;ANN=C|intergenic_region|MODIFIER|NEFM-NEFL|ENSG00000104722-ENSG00000104725|intergenic_region|ENSG00000104722-ENSG00000104725|||n.24784222T>C||||||
8:24785274,NEFM-NEFL,G,A,0.0047799999999999995,0.2289,A,G,8.62944e-06,0.190099,0.0449063,0.19828900000000002,,,,,A,G,PR;ANN=G|intergenic_region|MODIFIER|NEFM-NEFL|ENSG00000104722-ENSG00000104725|intergenic_region|ENSG00000104722-ENSG00000104725|||n.24785274A>G||||||
8:24786105,NEFM-NEFL,C,T,0.0047799999999999995,0.2289,T,C,8.898e-06,0.189607,0.0446923,0.197906,,,,,T,C,PR;ANN=C|intergenic_region|MODIFIER|NEFM-NEFL|ENSG00000104722-ENSG00000104725|intergenic_region|ENSG00000104722-ENSG00000104725|||n.24786105T>C||||||
8:24786225,NEFM-NEFL,G,T,0.0047799999999999995,0.2289,T,G,9.01755e-06,0.189601,0.0446593,0.19778900000000002,,,,,T,G,PR;ANN=G|intergenic_region|MODIFIER|NEFM-NEFL|ENSG00000104722-ENSG00000104725|intergenic_region|ENSG00000104722-ENSG00000104725|||n.24786225T>G||||||
8:24787201,NEFM-NEFL,C,G,0.0047799999999999995,0.2289,G,C,9.46346e-06,0.189549,0.0445385,0.197383,,,,,G,C,PR;ANN=C|intergenic_region|MODIFIER|NEFM-NEFL|ENSG00000104722-ENSG00000104725|intergenic_region|ENSG00000104722-ENSG00000104725|||n.24787201G>C||||||
19:43815234,CEACAMP4-CTC-490G23.2,A,G,0.01081,0.4165,A,G,9.65275e-06,2.9731799999999997,0.15946300000000002,0.360638,,,,,G,A,PR;ANN=A|intergenic_region|MODIFIER|CEACAMP4-CTC-490G23.2|ENSG00000230681-ENSG00000231412|intergenic_region|ENSG00000230681-ENSG00000231412|||n.43815234G>A||||||
10:6584869,PRKCQ,G,T,0.03802,0.0,G,T,9.48332e-07,8.26716,0.010231,0.0787282,,,,,T,G,"PR;ANN=G|intron_variant|MODIFIER|PRKCQ|ENSG00000065675|transcript|ENST00000263125|protein_coding|1/17|c.-9-27763A>C||||||,G|intron_variant|MODIFIER|PRKCQ|ENSG00000065675|transcript|ENST00000397176|protein_coding|1/16|c.-9-27763A>C||||||,G|intron_variant|MODIFIER|PRKCQ|ENSG00000065675|transcript|ENST00000539722|protein_coding|1/16|c.-323-27763A>C||||||"
